/*
SQLyog Ultimate v13.1.1 (64 bit)
MySQL - 5.7.15 : Database - saas-export
*********************************************************************
*/

/*!40101 SET NAMES utf8 */;

/*!40101 SET SQL_MODE=''*/;

/*!40014 SET @OLD_UNIQUE_CHECKS=@@UNIQUE_CHECKS, UNIQUE_CHECKS=0 */;
/*!40014 SET @OLD_FOREIGN_KEY_CHECKS=@@FOREIGN_KEY_CHECKS, FOREIGN_KEY_CHECKS=0 */;
/*!40101 SET @OLD_SQL_MODE=@@SQL_MODE, SQL_MODE='NO_AUTO_VALUE_ON_ZERO' */;
/*!40111 SET @OLD_SQL_NOTES=@@SQL_NOTES, SQL_NOTES=0 */;
CREATE DATABASE /*!32312 IF NOT EXISTS*/`saas-export` /*!40100 DEFAULT CHARACTER SET utf8 */;

USE `saas-export`;

/*Table structure for table `co_contract` */

DROP TABLE IF EXISTS `co_contract`;

CREATE TABLE `co_contract` (
  `id` varchar(40) NOT NULL,
  `offeror` varchar(200) DEFAULT NULL,
  `contract_no` varchar(50) DEFAULT NULL,
  `signing_date` datetime DEFAULT NULL,
  `input_by` varchar(30) DEFAULT NULL,
  `check_by` varchar(30) DEFAULT NULL,
  `inspector` varchar(30) DEFAULT NULL,
  `total_amount` decimal(10,2) DEFAULT NULL,
  `crequest` varchar(255) DEFAULT NULL,
  `custom_name` varchar(200) DEFAULT NULL,
  `ship_time` datetime NOT NULL,
  `import_num` decimal(11,0) DEFAULT NULL COMMENT '打印时标识几个星,对应说明中的内容\\r\\n            不能存储特殊字符星星，jstl判断失效',
  `delivery_period` datetime NOT NULL,
  `old_state` int(11) DEFAULT NULL COMMENT '归档前状态, 方便回退',
  `out_state` int(11) DEFAULT NULL COMMENT '0未走货 1部分 2全部\\r\\n            \\r\\n            归档后, 其他选择合同的地方均去除.\\r\\n            表示合同已完成, 不论是否合同的货物是否全部真的走完, 因为有赔付等其他情况',
  `trade_terms` varchar(30) DEFAULT NULL,
  `print_style` char(1) DEFAULT NULL COMMENT '宽2:一页两个货物  窄1:一页一个货物',
  `remark` varchar(255) DEFAULT NULL,
  `state` int(11) DEFAULT NULL COMMENT '0草稿 1已上报待报运\\r\\n            \\r\\n            归档后, 其他选择合同的地方均去除.\\r\\n            表示合同已完成, 不论是否合同的货物是否全部真的走完, 因为有赔付等其他情况',
  `pro_num` int(11) DEFAULT '0' COMMENT '货物数量',
  `ext_num` int(11) DEFAULT '0' COMMENT '附件数量',
  `create_by` varchar(40) DEFAULT NULL,
  `create_dept` varchar(40) DEFAULT NULL,
  `create_time` datetime NOT NULL,
  `update_by` varchar(40) DEFAULT NULL,
  `update_time` datetime NOT NULL,
  `company_id` varchar(40) DEFAULT NULL,
  `company_name` varchar(40) DEFAULT NULL,
  PRIMARY KEY (`id`)
) ENGINE=InnoDB DEFAULT CHARSET=utf8;

/*Data for the table `co_contract` */

insert  into `co_contract`(`id`,`offeror`,`contract_no`,`signing_date`,`input_by`,`check_by`,`inspector`,`total_amount`,`crequest`,`custom_name`,`ship_time`,`import_num`,`delivery_period`,`old_state`,`out_state`,`trade_terms`,`print_style`,`remark`,`state`,`pro_num`,`ext_num`,`create_by`,`create_dept`,`create_time`,`update_by`,`update_time`,`company_id`,`company_name`) values 
('2c90c5004ad63735014ad6d204060005','it黑马','合同号：B','2018-01-02 00:00:00','lw','lw','lw',96.00,'lw','客户名称B','2015-01-11 00:00:00',3,'2015-01-11 00:00:00',NULL,NULL,'FOB','2','lwlwlw',2,4,3,'e041f064-b115-4e19-b76e-b515d1fc1fa9','aeb1c7d3-9a54-4f73-b0ec-0325b83aef45','2015-01-11 10:28:15','002108e2-9a10-4510-9683-8d8fd1d374ef','2019-03-23 22:08:58','20210122161855',NULL),
('4028817a3357462e0133591b86ec0002','陕西杰信商务发展有限公司','C/3817/11','2011-10-31 00:00:00','杨丽',NULL,'吕晓波',5932.80,'★   产品与封样无明显差异，唛头、标签及包装质量务必符合公司要求。 ','BEAKIE LEE','2015-01-10 19:55:08',1,'2015-10-21 11:07:25',NULL,NULL,NULL,'2',NULL,2,0,0,NULL,NULL,'2015-09-02 00:00:00',NULL,'2015-09-02 00:00:00','20210122161855',NULL),
('4028817a3357462e01336cc0877b0010','陕西杰信商务发展有限公司','11JK1080','2011-11-04 00:00:00','杨丽',NULL,'吕晓波',2318.40,'★   产品与封样无明显差异，唛头、标签及包装质量务必符合公司要求。 ',NULL,'2015-01-10 19:55:08',3,'2011-12-10 00:00:00',NULL,NULL,NULL,'1','待样品确认后方可安排生产',2,0,0,NULL,NULL,'2015-09-02 00:00:00',NULL,'2015-09-02 00:00:00','20210122161855',NULL),
('4028817a3357462e01336d3a0be10014','陕西杰信商务发展有限公司','11JK1078','2011-11-04 00:00:00','杨丽',NULL,'李春光',54060.00,'★   产品与封样无明显差异，唛头、标签及包装质量务必符合公司要求。 ',NULL,'2015-01-10 19:55:08',3,'2011-11-15 00:00:00',NULL,NULL,NULL,'2',NULL,1,0,0,NULL,NULL,'2015-09-02 00:00:00',NULL,'2015-09-02 00:00:00','20210122161855',NULL),
('4028817a3357462e01336d523195001a','陕西杰信商务发展有限公司','C/3847/11','2011-12-02 00:00:00','杨丽',NULL,'李春光',39240.00,'★   产品与封样无明显差异，唛头、标签及包装质量务必符合公司要求。 ','HOME','2015-01-10 19:55:08',3,'2015-10-21 11:07:25',NULL,NULL,NULL,'2',NULL,2,9,0,NULL,NULL,'2015-09-02 00:00:00',NULL,'2015-09-02 00:00:00','20210122161855',NULL),
('4028817a33812ffd0133813f25940001','陕西杰信商务发展有限公司','C/3861/11','2011-11-08 00:00:00','杨丽',NULL,'吕晓波',176238.00,'★   产品与封样无明显差异，唛头、标签及包装质量务必符合公司要求。 ','HOME','2015-01-10 19:55:08',3,'2012-01-10 00:00:00',NULL,NULL,NULL,'2',NULL,2,31,1,NULL,NULL,'2015-09-02 00:00:00',NULL,'2015-09-02 00:00:00','20210122161855',NULL),
('4028817a33812ffd013382048ff80024','陕西杰信商务发展有限公司','11JK1082','2011-11-08 00:00:00','杨丽',NULL,'李春光',13656.00,'★   产品与封样无明显差异，唛头、标签及包装质量务必符合公司要求。 ','MSA','2015-01-10 19:55:08',3,'2011-12-30 00:00:00',NULL,NULL,NULL,'2',NULL,2,1,1,NULL,NULL,'2015-09-02 00:00:00',NULL,'2015-09-02 00:00:00','20210122161855',NULL),
('4028817a33812ffd0133821a8eb5002b','陕西杰信商务发展有限公司','11JK1084','2011-11-08 00:00:00','杨丽',NULL,'李春光',10936.00,'★   产品与封样无明显差异，唛头、标签及包装质量务必符合公司要求。 ','ONE WORLD','2015-01-10 19:55:08',3,'2011-12-20 00:00:00',NULL,NULL,NULL,'2',NULL,2,4,0,NULL,NULL,'2015-09-02 00:00:00',NULL,'2015-09-02 00:00:00','20210122161855',NULL),
('4028817a33d4f8b40133d9878e88000d','陕西杰信商务发展有限公司','11JK1070','2011-12-20 00:00:00','杨丽',NULL,NULL,39248.20,'★   产品与封样无明显差异，唛头、标签及包装质量务必符合公司要求。 ',NULL,'2015-01-10 19:55:08',3,'2011-11-05 00:00:00',NULL,NULL,NULL,'2',NULL,2,10,1,NULL,NULL,'2015-09-02 00:00:00',NULL,'2015-09-02 00:00:00','20210122161855',NULL),
('4028817a33d4f8b40133d991a50d0019','陕西杰信商务发展有限公司','11JK1066','2011-11-25 00:00:00','杨丽',NULL,'李春光',146184.00,'★   产品与封样无明显差异，唛头、标签及包装质量务必符合公司要求。 ',NULL,'2015-01-10 19:55:08',3,'2011-12-05 00:00:00',NULL,NULL,NULL,'2','待样品确认后方可安排生产',0,13,0,NULL,NULL,'2015-09-02 00:00:00',NULL,'2015-09-02 00:00:00','20210122161855',NULL),
('4028817a33d4f8b40133d9bea39b002f','陕西杰信商务发展有限公司','11JK1060','2011-11-25 00:00:00','杨丽',NULL,NULL,165572.00,'★   产品与封样无明显差异，唛头、标签及包装质量务必符合公司要求。 ','COACH HOUSE','2015-01-10 19:55:08',3,'2015-10-21 11:07:25',NULL,NULL,NULL,'2',NULL,0,12,1,NULL,NULL,'2015-09-02 00:00:00',NULL,'2015-09-02 00:00:00','20210122161855',NULL),
('4028817a33fc4e280133fd81e7d7001d','陕西杰信商务发展有限公司','11JK1068','2011-10-14 00:00:00','杨丽',NULL,NULL,103577.30,'★   产品与封样无明显差异，唛头、标签及包装质量务必符合公司要求。 ','ELAD','2015-01-10 19:55:08',3,'2015-10-21 11:07:25',NULL,NULL,NULL,'2',NULL,0,11,1,NULL,NULL,'2015-09-02 00:00:00',NULL,'2015-09-02 00:00:00','20210122161855',NULL),
('4028817a33fc4e280133fd9f8b4e002f','陕西杰信商务发展有限公司','11JK1072','2011-12-20 00:00:00','杨丽',NULL,NULL,100799.60,'★   产品与封样无明显差异，唛头、标签及包装质量务必符合公司要求。 ','BRISSI','2015-01-10 19:55:08',3,'2015-10-21 11:07:25',NULL,NULL,NULL,'2',NULL,2,13,1,NULL,NULL,'2015-09-02 00:00:00',NULL,'2015-09-02 00:00:00','20210122161855',NULL),
('4028817a3420e78a013421a693730001','陕西杰信商务发展有限公司','C/4040/11','2011-12-09 00:00:00','杨丽',NULL,'李春光',123400.00,'★   产品与封样无明显差异，唛头、标签及包装质量务必符合公司要求。 ','HOME','2015-01-10 19:55:08',1,'2012-02-15 00:00:00',NULL,NULL,NULL,'2',NULL,2,29,1,NULL,NULL,'2015-09-02 00:00:00',NULL,'2015-09-02 00:00:00','20210122161855',NULL),
('4028817a353b8d8e01353d15008d0046','陕西杰信商务发展有限公司','C/4104/11','2015-01-10 19:55:08','杨丽',NULL,NULL,39753.00,'★   产品与封样无明显差异，唛头、标签及包装质量务必符合公司要求。 ','HOME','2015-01-10 19:55:08',3,'2015-01-10 19:55:08',NULL,NULL,'T/T','2',NULL,2,22,1,NULL,NULL,'2015-01-10 19:55:08',NULL,'2015-01-10 19:55:08','20210122161855',NULL),
('4028828660b1cd900160b1cebb440000','ZBZ_59','ZBZ_59','2017-11-26 00:00:00','ZBZ_59','ZBZ_59','ZBZ_59',20.00,'ZBZ_59','ZBZ_59','2017-09-19 00:00:00',3,'2017-09-12 00:00:00',NULL,NULL,'FOB','2','ZBZ_59',2,1,0,NULL,NULL,'2018-01-01 21:00:03',NULL,'2018-01-01 21:00:03','20210122161855',NULL),
('40288287616082eb0161608728560000','xiaoxiao001','xiaoxiao001','2018-02-15 00:00:00','xiaoxiao001','xiaoxiao001','xiaoxiao001',10.00,'xiaoxiao001','xiaoxiao001','2018-02-26 00:00:00',3,'2018-02-21 00:00:00',NULL,NULL,'FOB','2','xiaoxiao001',0,1,0,NULL,NULL,'2018-02-04 19:15:25',NULL,'2018-02-04 19:15:25','20210122161855',NULL),
('40288287616082eb0161608805650001','xiaosan002','xiaosan002','2018-02-05 00:00:00','xiaosan002','xiaosan002','xiaosan002',30.00,'xiaosan002','xiaosan002','2018-02-06 00:00:00',3,'2018-02-06 00:00:00',NULL,NULL,'xiaosan002','2','xiaosan002',0,2,0,NULL,NULL,'2018-02-04 19:16:22',NULL,'2018-02-04 19:16:22','20210122161855',NULL),
('40288287616a411e01616ab546270006','cy001','cy001','2018-02-05 00:00:00','cy001','cy001','cy001',251.00,'cy001','cy001','2018-02-19 00:00:00',3,'2018-02-19 00:00:00',NULL,NULL,'FOB','2','cy001',2,2,1,'7a02a732-f5b5-4a9e-8e40-2e04d0fc66e5','aeb1c7d3-9a54-4f73-b0ec-0325b83aef45','2018-02-06 18:42:00',NULL,'2018-02-06 18:42:00','20210122161855',NULL),
('40288287616a411e01616ab60a0e0007','cy002','cy002','2018-02-05 00:00:00','cy002','cy002','cy002',0.00,'cy002','cy002','2018-02-05 00:00:00',3,'2018-02-12 00:00:00',NULL,NULL,'FOB','2','cy002',1,0,0,'10d29bc9-78c1-4831-a21a-4fcfea7d87ce','aeb1c7d3-9a54-4f73-b0ec-0325b83aef45','2018-02-06 18:42:50',NULL,'2018-02-06 18:42:50','20210122161855',NULL),
('402895c2515129200151514376b80002','F','F','2015-01-10 19:55:08','F','F','F',121.00,'F','F','2015-01-10 19:55:08',3,'2015-01-10 19:55:08',NULL,NULL,'F','2','F',0,1,0,NULL,NULL,'2015-01-10 19:55:08',NULL,'2015-01-10 19:55:08','20210122161855',NULL),
('402899d65088203101508831e1e60000','中华烟草集团','xx-01-xxx-02','2015-01-10 19:55:08','郭中华','郭中华','郭尔获',0.00,NULL,'xx','2015-10-20 00:00:00',3,'2015-10-20 00:00:00',NULL,NULL,NULL,'2',NULL,NULL,0,0,NULL,NULL,'2015-10-21 10:19:41',NULL,'2015-10-21 10:19:41','20210122161855',NULL),
('402899d650885c420150885d95cb0000','J2302','J2302','2015-10-21 10:19:41','J2302','J2302','J2302',1000.00,'J2302','J2302','2015-10-21 10:19:41',3,'2015-10-21 10:19:41',NULL,NULL,'FOB','2','J2302',0,1,0,'71a5a695-0ba5-4f0d-a0b5-0a304efde944','4028827c4fb6202a014fb6209c730000','2015-10-21 11:07:25',NULL,'2015-10-21 11:07:25','20210122161855',NULL),
('402899d650885c420150885e918e0001','J24','J24','2015-10-21 11:07:25','J24','J24','J24',0.00,'J24','J24','2015-10-21 11:07:25',3,'2015-10-21 11:07:25',NULL,NULL,'T/T','2','J24',0,0,0,'424b2d01-d812-4f30-be40-dcda14110118','4028827c4fb6202a014fb6209c730000','2015-10-21 11:07:25',NULL,'2015-10-21 11:07:25','20210122161855',NULL),
('4028a9bd515b2e8201515b3339860000','C1','C1','2015-10-21 11:07:25','C1','C1','C1',100.00,'C1','C1','2015-10-21 11:07:25',3,'2015-10-21 11:07:25',NULL,NULL,'T/T','2','C1',0,1,0,'5758571d-93c6-48f0-9e67-20a442779531','4028827c4fb645b0014fb64668550000','2015-12-01 09:41:02',NULL,'2015-10-21 11:07:25','20210122161855',NULL),
('4028a9bd515b3be301515b3d676f0000','D1','D1','2015-10-21 11:07:25','D1','D1','D1',0.00,'D1','D1','2015-10-21 11:07:25',3,'2015-10-21 11:07:25',NULL,NULL,'L/C','2','D1',1,0,0,'6f9f16c8-827b-4cc8-9e20-210aa82d1fcf','4028827c4fb645b0014fb64668550000','2015-10-21 11:07:25',NULL,'2015-10-21 11:07:25','20210122161855',NULL),
('4028d3cf567275410156734fb6480000','CS','CS','2016-08-01 00:00:00','CS','CS','CS',0.00,'测试','CS','2016-08-29 00:00:00',3,'2016-08-22 00:00:00',NULL,NULL,'FOB','2','测试',0,0,0,'e0de22fe-2c50-4216-ad75-ed0494d2dc92','4028827c4fb6202a014fb6209c730000','2016-08-10 15:16:59',NULL,'2016-08-10 15:16:59','20210122161855',NULL),
('672f2710-c4d7-4b04-9a26-b28544dd28ed','开发商测试端口','777777','2021-03-15 00:00:00','2342342342','去微软','2342342',0.00,'二','234234','2021-03-24 00:00:00',3,'2021-03-27 00:00:00',NULL,0,'2342342','1','',0,0,0,NULL,NULL,'2021-03-22 21:38:23',NULL,'2021-03-22 21:40:15','20210122161855',NULL),
('8a7e81015acf673a015acf6dc97e0000','AOP05','AOP05','2017-03-13 00:00:00','AOP05','AOP05','AOP05',0.00,'AOP05','AOP05','2017-02-28 00:00:00',3,'2017-03-20 00:00:00',NULL,NULL,'FOB','2','AOP05',2,0,0,'6764e5a1-45e5-4229-a72a-7c5d72209b15','aeb1c7d3-9a54-4f73-b0ec-0325b83aef45','2017-03-15 08:46:03',NULL,'2017-03-15 08:46:03','20210122161855',NULL),
('8a7e81ec5ac06f0d015ac06fbb850000','sz059','sz052','2017-02-27 00:00:00','sz053','sz058','sz054',1200.00,'sz056','sz051','2017-02-28 00:00:00',3,'2017-03-21 00:00:00',NULL,NULL,'FOB5','2','sz057',0,5,0,NULL,NULL,'2017-03-12 10:53:52',NULL,'2017-03-12 10:53:52','20210122161855',NULL),
('8a7e840159aa01770159aa3625310001','OOP41','OOP41','2017-01-09 00:00:00','OOP41','OOP41','OOP41',0.00,'OOP41','OOP41','2017-01-17 00:00:00',3,'2017-01-24 00:00:00',NULL,NULL,'FOB','2','OOP41',0,0,0,'6424df15-963c-4218-8371-6ad000ef5a5a','aeb1c7d3-9a54-4f73-b0ec-0325b83aef45','2017-01-17 10:16:32',NULL,'2017-01-17 10:16:32','20210122161855',NULL),
('8a7e840159aa01770159aa3a8ff70002','OOP4102','OOP4102','2017-01-18 00:00:00','OOP4102','OOP4102','OOP4102',0.00,'OOP4102','OOP4102','2017-01-16 00:00:00',3,'2017-01-23 00:00:00',NULL,NULL,'FOB','2','OOP4102',0,0,0,'6424df15-963c-4218-8371-6ad000ef5a5a','aeb1c7d3-9a54-4f73-b0ec-0325b83aef45','2017-01-17 10:21:21',NULL,'2017-01-17 10:21:21','20210122161855',NULL),
('8a7e840159aa01770159aa3b43170003','AOP41','AOP41','2017-01-04 00:00:00','AOP41','AOP41','AOP41',0.00,'AOP41','AOP41','2017-01-04 00:00:00',3,'2017-01-24 00:00:00',NULL,NULL,'FOB','2','AOP41',0,0,0,'6764e5a1-45e5-4229-a72a-7c5d72209b15','aeb1c7d3-9a54-4f73-b0ec-0325b83aef45','2017-01-17 10:22:07',NULL,'2017-01-17 10:22:07','20210122161855',NULL),
('8a7e84105823102a01582310fcd70000','FFFFB','FFFFB','2016-11-01 00:00:00','FFFFB','FFFFB','FFFFB',85.00,'FFFFB','FFFFB','2016-11-03 00:00:00',3,'2016-11-02 00:00:00',NULL,NULL,'FOB','2','FFFFB',0,1,8,NULL,NULL,'2016-11-02 11:24:25',NULL,'2016-11-02 11:24:25','20210122161855',NULL),
('8a7e84175884728c0158848d37230000','OOP001','OOP001','2016-11-08 00:00:00','OOP001','OOP001','OOP001',0.00,'OOP001','OOP001','2016-11-08 00:00:00',3,'2016-11-28 00:00:00',NULL,NULL,'FOB','2','OOP001',0,0,0,NULL,NULL,'2016-11-21 09:43:17',NULL,'2016-11-21 09:43:17','20210122161855',NULL),
('8a7e84175884728c0158848fffa50001','OOP002','OOP002','2016-11-08 00:00:00','OOP002','OOP002','OOP002',0.00,'OOP002','OOP002','2016-11-01 00:00:00',3,'2016-11-29 00:00:00',NULL,NULL,'FOB','2','OOP002',0,0,0,'6424df15-963c-4218-8371-6ad000ef5a5a','aeb1c7d3-9a54-4f73-b0ec-0325b83aef45','2016-11-21 09:46:19',NULL,'2016-11-21 09:46:19','20210122161855',NULL),
('8a7e8419593ddcf901593e0b20ed0000','OOP232','OOP232','2016-12-12 00:00:00','OOP232','OOP232','OOP232',0.00,'OOP232','OOP232','2016-12-12 00:00:00',3,'2016-12-27 00:00:00',NULL,NULL,'FOB','2','OOP232',0,0,0,'6424df15-963c-4218-8371-6ad000ef5a5a','aeb1c7d3-9a54-4f73-b0ec-0325b83aef45','2016-12-27 10:10:33',NULL,'2016-12-27 10:10:33','20210122161855',NULL),
('8a7e8419593e0df101593e0f81780000','OOP23201','OOP23201','2016-12-13 00:00:00','OOP23201','OOP23201','OOP23201',0.00,'OOP23201','OOP23201','2016-12-14 00:00:00',3,'2016-12-21 00:00:00',NULL,NULL,'FOB','2','OOP23201',0,0,0,'6424df15-963c-4218-8371-6ad000ef5a5a','aeb1c7d3-9a54-4f73-b0ec-0325b83aef45','2016-12-27 10:15:20',NULL,'2016-12-27 10:15:20','20210122161855',NULL),
('8a7e8419593e0df101593e10341b0001','AOP232','AOP232','2016-12-13 00:00:00','AOP232','AOP232','AOP232',0.00,'AOP232','AOP232','2016-12-06 00:00:00',3,'2016-12-19 00:00:00',NULL,NULL,'FOB','2','AOP232',0,0,0,'6764e5a1-45e5-4229-a72a-7c5d72209b15','aeb1c7d3-9a54-4f73-b0ec-0325b83aef45','2016-12-27 10:16:06',NULL,'2016-12-27 10:16:06','20210122161855',NULL),
('8a7e84215827fe1b015828058c360001','AOP','AOP','2016-11-22 00:00:00','AOP','AOPAOP','AOP',30.00,'AOP','AOP','2016-11-08 00:00:00',3,'2016-11-29 00:00:00',NULL,NULL,'L/C','2','AOP',1,2,0,'6764e5a1-45e5-4229-a72a-7c5d72209b15','aeb1c7d3-9a54-4f73-b0ec-0325b83aef45','2016-11-03 10:30:02',NULL,'2016-11-03 10:30:02','20210122161855',NULL),
('8a7e845158dc48ec0158dc49ce140000','WWWW','C34543543','2016-12-20 00:00:00','YYYYY02','QQQQ','ZZZZ03',900.00,'SSSS05','XXXX01','2016-12-13 00:00:00',3,'2016-12-28 00:00:00',NULL,NULL,'FOB04','2','AAAAA',2,1,0,NULL,NULL,'2016-12-08 10:36:14',NULL,'2016-12-08 10:36:14','20210122161855',NULL),
('8a7e845a58e13c3a0158e156b9210000','OOP003','OOP003','2016-12-05 00:00:00','OOP003','OOP003','OOP003',0.00,'OOP003','OOP003','2016-12-05 00:00:00',3,'2016-12-21 00:00:00',NULL,NULL,'FOB','2','OOP003',0,0,0,'6424df15-963c-4218-8371-6ad000ef5a5a','aeb1c7d3-9a54-4f73-b0ec-0325b83aef45','2016-12-09 10:08:26',NULL,'2016-12-09 10:08:26','20210122161855',NULL),
('8a7e84fc587a6c8501587a6d3ed70000','JK359','JK352','2016-11-15 00:00:00','JK353','JK358','JK354',600.00,'JK356','JK351','2016-11-15 00:00:00',3,'2016-11-22 00:00:00',NULL,NULL,'FOB5','2','JK357',1,0,0,NULL,NULL,'2016-11-19 10:32:09',NULL,'2016-11-19 10:32:09','20210122161855',NULL),
('C2C011E96CC3451DAD181AF3372CB80D','context','context','2017-11-26 00:00:00','context','context','context',1.00,'context','context','2017-12-26 00:00:00',3,'2018-01-23 00:00:00',NULL,NULL,'FOB','2','context',0,1,0,'002108e2-9a10-4510-9683-8d8fd1d374ef','4028827c4fb6202a014fb6209c730000','2019-03-24 15:30:46',NULL,'2019-03-24 15:30:46','20210122161855',NULL),
('D6E89C7A141B44219F16B6CA6791B64E','WWWW1','C345435431','2017-11-26 00:00:00','xiaosan001','xiaosan001','xiaosan001',0.00,'aaaa','xiaosan001','2017-12-19 00:00:00',2,'2018-01-22 00:00:00',NULL,NULL,'FOB','2','aaa',0,0,0,'002108e2-9a10-4510-9683-8d8fd1d374ef','4028827c4fb6202a014fb6209c730000','2019-03-23 22:04:44',NULL,'2019-03-23 22:04:44','20210122161855',NULL),
('FC8A89AD11CD426BA7045A20F3E2E95A','12','2','2017-12-04 00:00:00','3','4','5',0.00,'aaaa6','7','2018-01-22 00:00:00',NULL,'2018-01-22 00:00:00',NULL,NULL,'FOB','1','',0,0,0,'002108e2-9a10-4510-9683-8d8fd1d374ef','4028827c4fb6202a014fb6209c730000','2019-03-23 22:07:56','002108e2-9a10-4510-9683-8d8fd1d374ef','2019-03-23 22:08:13','20210122161855',NULL),
('ff8080816077bbb3016077bd30b10000','WWWW17','C34543543122','2017-11-26 00:00:00','YYYYY02123','QQQQ18','ZZZZ03124',65.00,'asas6','XXXX01111','2017-12-19 00:00:00',3,'2017-12-27 00:00:00',NULL,NULL,'FOB0415','1','asas9',2,3,1,NULL,NULL,'2017-12-21 14:22:55',NULL,'2017-12-21 14:22:55','20210122161855',NULL),
('ff80808160bab4fa0160bb1b7a4a0007','bj002','bj002','2018-01-01 00:00:00','bj002','bj002','bj002',0.00,'bj002','bj002','2018-01-29 00:00:00',3,'2018-01-30 00:00:00',NULL,NULL,'FOB','2','bj002',0,0,0,'faa59d6e-2e04-4972-bd4f-fd946ba38b99','100101','2018-01-03 16:20:28',NULL,'2018-01-03 16:20:28','20210122161855',NULL),
('ff80808160bab4fa0160bb1d6e760008','bj001','bj001','2018-01-10 00:00:00','bj001','bj001','bj001',10.00,'bj001','bj001','2018-01-22 00:00:00',3,'2018-01-23 00:00:00',NULL,NULL,'FOB','2','bj001',0,1,0,'6bbf3016-54ab-4ab2-b0d3-2d6622ac17eb','100101','2018-01-03 16:22:36',NULL,'2018-01-03 16:22:36','20210122161855',NULL),
('ff80808160bab4fa0160bb1e01c50009','sy001','sy001','2018-01-02 00:00:00','sy001','sy001','sy001',0.00,'sy001','sy001','2018-01-29 00:00:00',3,'2018-01-29 00:00:00',NULL,NULL,'sy001','2','sy001',0,0,0,'84b4a1c0-fb52-4fd5-b410-5db1c933d146','100101101','2018-01-03 16:23:14',NULL,'2018-01-03 16:23:14','20210122161855',NULL);

/*Table structure for table `co_contract_product` */

DROP TABLE IF EXISTS `co_contract_product`;

CREATE TABLE `co_contract_product` (
  `id` varchar(40) NOT NULL,
  `contract_id` varchar(40) DEFAULT NULL,
  `factory_id` varchar(40) DEFAULT NULL,
  `factory_name` varchar(200) DEFAULT NULL COMMENT '冗余',
  `product_no` varchar(50) DEFAULT NULL,
  `product_image` varchar(200) DEFAULT NULL,
  `product_desc` varchar(255) DEFAULT NULL,
  `loading_rate` varchar(80) DEFAULT NULL COMMENT '报运：x/y',
  `box_num` decimal(11,0) DEFAULT NULL COMMENT '报运',
  `packing_unit` varchar(10) DEFAULT NULL COMMENT 'PCS/SETS',
  `cnumber` decimal(11,0) DEFAULT NULL,
  `out_number` decimal(11,0) DEFAULT NULL COMMENT '报运',
  `finished` decimal(11,0) DEFAULT NULL COMMENT '报运',
  `product_request` varchar(255) DEFAULT NULL,
  `price` decimal(10,2) DEFAULT NULL,
  `amount` decimal(10,2) DEFAULT NULL COMMENT '自动计算: 数量x单价',
  `order_no` decimal(11,0) DEFAULT NULL,
  `company_id` varchar(40) DEFAULT NULL,
  `company_name` varchar(40) DEFAULT NULL,
  PRIMARY KEY (`id`),
  KEY `SYS_C005432` (`contract_id`),
  KEY `SYS_C005433` (`factory_id`)
) ENGINE=InnoDB DEFAULT CHARSET=utf8;

/*Data for the table `co_contract_product` */

insert  into `co_contract_product`(`id`,`contract_id`,`factory_id`,`factory_name`,`product_no`,`product_image`,`product_desc`,`loading_rate`,`box_num`,`packing_unit`,`cnumber`,`out_number`,`finished`,`product_request`,`price`,`amount`,`order_no`,`company_id`,`company_name`) values 
('297ef1745ac32223015ac322f1f50000','8a7e81ec5ac06f0d015ac06fbb850000','10','晶晨','1111','01.png','qq','1/2',5,'SETS',10,NULL,NULL,'qq',20.00,200.00,11,'1',NULL),
('297ef1745ac32846015ac329327f0000','8a7e81ec5ac06f0d015ac06fbb850000','19','综艺花纸','111','03.png','11','1',30,'SETS',30,NULL,NULL,'11',10.00,300.00,11,'1',NULL),
('297ef1745ac32ef0015ac331ba510000','8a7e81ec5ac06f0d015ac06fbb850000','12','平遥远江','111','05.png','111','1',10,'SETS',10,NULL,NULL,'111',10.00,100.00,111,'1',NULL),
('3dc7d88c-a219-4541-b5dd-54a7a29ee40c','2c90c5004ad63735014ad6d204060005','13','平遥鸿艺','1','http://${qiniu.rtValue}','1','1',1,'PCS',1,NULL,NULL,'1',1.00,1.00,1,'1',NULL),
('4028817a3357462e0133592355750005','4028817a3357462e0133591b86ec0002','2','光华','2977','06.png','b5480a29-da8c-41e1-b91c-54a9fdb15834.png','全明料圆肚糖缸带盖子\\r\\n尺寸：16X36CM高    底径：',1,'PCS',144,144,0,NULL,17.00,2448.00,4,'1',NULL),
('4028817a3357462e0133592355750006','4028817a3357462e0133591b86ec0002','2','光华','2976','07.png','af417c8a-e44f-406e-b226-194d8a61df75.png','全明料糖缸带盖子\\r\\n尺寸\n\n：17.5X41CM高   底径：1',1,'PCS',144,144,0,NULL,17.00,2448.00,3,'1',NULL),
('4028817a3357462e01336cc0879b0011','4028817a3357462e01336cc0877b0010','3','会龙','JK1700011',NULL,'05702b8f-6bda-4bca-9c4d-f15c18f279eb.png','全明料方形黄油缸\\r\\n尺寸：罩子：7.3X8CM高   盘：6',24,'PCS',504,504,0,NULL,4.60,2318.40,1,'1',NULL),
('4028817a3357462e01336d3a0be10015','4028817a3357462e01336d3a0be10014','7','天顺','JK1014003','04.png','699176d9-c242-42d2-8661-9ce712bba97a.png','全明料盘子，烤鱼白花纸\\r\\n盘子直径：27CM\\r\\n2只/五层内',2,'PCS',1200,1200,0,NULL,7.50,9000.00,3,'1',NULL),
('4028817a3357462e01336d3a0be10016','4028817a3357462e01336d3a0be10014','1','宏艺','JK1014001','01.png','a2ffd39f-18d5-4a6b-89a2-bc91df4926f5.png','全明料大碗，烤鱼白花纸\\r\\n尺寸：23X11CM高\\r\\n1只/五',1,'PCS',1000,1000,0,NULL,16.50,16500.00,2,'1',NULL),
('4028817a3357462e01336d3a0be10018','4028817a3357462e01336d3a0be10014','1','宏艺','JK1014005','09.png','9ed4ab1e-d425-4b8d-beb3-1fa6dc63d1df.png','全明料低口杯，烤鱼白花纸\\r\\n尺寸：7.3X10.5CM高\\r\\n',4,'PCS',1800,1800,0,NULL,5.30,9540.00,4,'1',NULL),
('4028817a3357462e01336d3a0be10019','4028817a3357462e01336d3a0be10014','1','宏艺','JK1080766-3','03.png','21b5e24a-a58a-4a58-a705-1595faeec581.png','全明料低口杯，烤3种不同的白花纸\\r\\n尺寸：7.3X10.5C',3,'PCS',1800,1800,0,NULL,5.30,9540.00,1,'1',NULL),
('4028817a3357462e01336d523195001b','4028817a3357462e01336d523195001a','7','天顺','8708/6203',NULL,'1bab511c-4f4c-4de7-8b65-4ccdcd00a569.png','怪虫小碗，喷紫色，喷漆，喷珠光\\r\\n直径：18CM\\r\\n4只/内',4,'PCS',600,600,0,NULL,6.50,3900.00,1,'1',NULL),
('4028817a3357462e01336d5e8a59001c','4028817a3357462e01336d523195001a','7','天顺','9749/6525',NULL,'143a4aa8-894d-4226-a461-eac712567360.png','怪虫碗，喷绿色，喷漆，喷珠光\\r\\n直径：18CM\\r\\n4只/内盒',4,'PCS',600,600,0,NULL,6.50,3900.00,6,'1',NULL),
('4028817a3357462e01336d5e8a59001d','4028817a3357462e01336d523195001a','7','天顺','9226/6116',NULL,'fcf3f5a9-a405-4f33-abb9-f317c60f1453.png','海星盘，喷绿色，喷漆，喷珠光\\r\\n直径：31CM\\r\\n4只/内盒',4,'PCS',408,408,0,NULL,11.00,4488.00,3,'1',NULL),
('4028817a3357462e01336d5e8a59001e','4028817a3357462e01336d523195001a','7','天顺','9748/6115',NULL,'657ac46a-bd23-4a2d-9abe-c552a8fc3727.png','海星盘，喷蓝色，喷漆，喷珠光\\r\\n直径：31CM\\r\\n4只/内盒',4,'PCS',408,408,0,NULL,11.00,4488.00,5,'1',NULL),
('4028817a3357462e01336d5e8a59001f','4028817a3357462e01336d523195001a','7','天顺','9956/6308',NULL,'1ca7fc1c-aad2-4f1e-8c3b-9a1009e22c04.png','竹节碗，喷蓝色，喷漆，喷珠光\\r\\n直径：31CM\\r\\n4只/内盒',4,'PCS',408,408,0,NULL,11.50,4692.00,9,'1',NULL),
('4028817a3357462e01336d5e8a590020','4028817a3357462e01336d523195001a','7','天顺','9954/6309',NULL,'1e15e517-af2a-45c9-8c1e-1f1b592f5f79.png','竹节碗，喷绿色，喷漆，喷珠光\\r\\n直径：31CM\\r\\n4只/内盒',4,'PCS',408,408,0,NULL,11.50,4692.00,7,'1',NULL),
('4028817a3357462e01336d5e8a590021','4028817a3357462e01336d523195001a','7','天顺','8709/6204',NULL,'1a6770a7-033c-4b98-9e2a-60cd2a5081c3.png','怪虫小碗，喷蓝色，喷漆，喷珠光\\r\\n直径：18CM\\r\\n4只/内',4,'PCS',600,600,0,NULL,6.50,3900.00,2,'1',NULL),
('4028817a3357462e01336d5e8a590022','4028817a3357462e01336d523195001a','7','天顺','9955/6105',NULL,'15c6d6ad-3608-4d73-83f3-23f605123b90.png','竹节碗，喷紫色，喷漆，喷珠光\\r\\n直径：31CM\\r\\n4只/内盒',4,'PCS',408,408,0,NULL,11.50,4692.00,8,'1',NULL),
('4028817a3357462e01336d5e8a590023','4028817a3357462e01336d523195001a','7','天顺','9227/6092',NULL,'0ffed7a5-6fd6-4b36-9387-7108bb408fdf.png','海星盘，喷紫色，喷漆，喷珠光\\r\\n直径：30CM\\r\\n4只/内盒',4,'PCS',408,408,0,NULL,11.00,4488.00,4,'1',NULL),
('4028817a33812ffd0133813f25a30002','4028817a33812ffd0133813f25940001','4','精艺','4993','22.png','3feb6071-7835-48b6-beca-e54202221c3b.png','全明料死模风灯，电镀花银喷绿色 \\r\\n明料挺底\\r\\n尺寸：11.',1,'PCS',300,300,0,NULL,8.50,2550.00,1,'1',NULL),
('4028817a33812ffd0133813f25a30003','4028817a33812ffd0133813f25940001','4','精艺','4994','23.png','56ada31d-acfc-4261-b28d-8be65ba2a21e.png','全明料死模风灯，电镀花银喷蓝色\\r\\n明料挺底\\r\\n尺寸：11.5',1,'PCS',300,300,0,NULL,8.50,2550.00,2,'1',NULL),
('4028817a33812ffd0133813f25a30004','4028817a33812ffd0133813f25940001','4','精艺','4995','24.png','9eb0c66c-d682-4f19-b89a-1a4808da5456.png','全明料死模风灯，电镀花银喷紫色\\r\\n明料挺底\\r\\n尺寸：11.5',1,'PCS',300,300,0,NULL,8.50,2550.00,3,'1',NULL),
('4028817a33812ffd0133816aacc40005','4028817a33812ffd0133813f25940001','2','光华','9868','01.png','ba10c6b0-34b7-4911-a45c-cc282cf8072d.png','全明料喇叭底糖缸配盖子\\r\\n尺寸：16X40CM高\\r\\n1只/上',1,'PCS',600,600,0,NULL,16.00,9600.00,27,'1',NULL),
('4028817a33812ffd0133816aacc40006','4028817a33812ffd0133813f25940001','7','天顺','5099','14.png','d38c8874-e641-4c59-9f6d-eb07df231d44.png','全明料钻石蛋糕盘粘底座\\r\\n喷蓝色，喷漆\\r\\n尺寸：23X11.',1,'PCS',300,300,0,NULL,11.00,3300.00,9,'1',NULL),
('4028817a33812ffd0133816aacc40007','4028817a33812ffd0133813f25940001','4028817a33d4f8b40133d9989f5e0024','民鑫','5094','20.png','662d9320-a8b7-4957-8d73-\n\ne4560e12e0e7.png','全明料冰花风灯，粘电镀底座  \\r\\n尺寸：15.8X32CM高',1,'PCS',300,300,0,NULL,14.50,4350.00,7,'1',NULL),
('4028817a33812ffd0133816aacc40008','4028817a33812ffd0133813f25940001','2','光华','5189','02.png','a2a503a3-f0cd-49b4-b05c-8ea55ecbe2bf.png','全明料竖棱风灯，粘电镀底座\\r\\n底座由我司提供\\r\\n尺寸：20X',1,'PCS',300,300,0,NULL,14.00,4200.00,12,'1',NULL),
('4028817a33812ffd0133816aacc40009','4028817a33812ffd0133813f25940001','4','精艺','5331','25.png','1b211d97-1def-49c6-90a8-8097bbd07f68.png','全明料死模风灯，电镀花银喷绿色\\r\\n\\r\\n尺寸：17X23CM高',1,'PCS',300,300,0,NULL,11.50,3450.00,13,'1',NULL),
('4028817a33812ffd0133816aacc4000a','4028817a33812ffd0133813f25940001','4028817a33d4f8b40133d9989f5e0024','民鑫','5095','21.png','7b5d7395-40b4-45ad-9c42-\n\nc7050e232448.png','全明料冰花风灯，粘明料底座 \\r\\n尺寸：15.8X32CM高\\r',1,'PCS',300,300,0,NULL,14.00,4200.00,8,'1',NULL),
('4028817a33812ffd0133816aacd4000b','4028817a33812ffd0133813f25940001','2','光华','843MA','03.png','c0229e90-0a5b-438d-8b07-4acd238b142b.png','全明料喇叭底糖缸，带盖子\\r\\n盖子：10CMX10.3CM高',1,'PCS',600,600,0,NULL,16.00,9600.00,21,'1',NULL),
('4028817a33812ffd0133816aacd4000c','4028817a33812ffd0133813f25940001','4','精艺','4997','27.png','0fdad1e1-452c-4ae4-a354-49688bd41778.png','全明料死模风灯，电镀花银喷蓝色  \\r\\n明料挺底  \\r\\n尺寸：11',1,'PCS',300,300,0,NULL,10.50,3150.00,5,'1',NULL),
('4028817a33812ffd0133816aacd4000d','4028817a33812ffd0133813f25940001','4','精艺','4996','26.png','7ae6c20e-0f57-4fab-9e40-22d1a486e943.png','全明料死模风灯，电镀花银喷绿色\\r\\n明料挺底\\r\\n尺寸：11.5',1,'PCS',300,300,0,NULL,10.50,3150.00,4,'1',NULL),
('4028817a33812ffd0133816aacd4000e','4028817a33812ffd0133813f25940001','2','光华','600MA','05.png','958fe4fb-db40-4977-bf2e-2c2db29d65f3.png','全明料蛋糕盘+罩子,磨口抛光\\r\\n蛋糕罩子尺寸：17.5X15',1,'PCS',600,600,0,NULL,18.00,10800.00,17,'1',NULL),
('4028817a33812ffd0133816aacd4000f','4028817a33812ffd0133813f25940001','2','光华','602MA','06.png','624ab3d2-12f3-4dd8-b438-c03a3018b170.png','全明平光蛋糕盘+罩子,磨口抛光\\r\\n蛋糕罩子尺寸：17.5X1',1,'PCS',600,600,0,NULL,19.00,11400.00,18,'1',NULL),
('4028817a33812ffd0133816aacd40010','4028817a33812ffd0133813f25940001','2','光华','8759','07.png','f92f57f8-65de-42be-9814-bad100059d23.png','全明料竖棱糖缸配盖子\\r\\n尺寸：16.5X40CM高\\r\\n1只/',1,'PCS',600,600,0,NULL,15.00,9000.00,25,'1',NULL),
('4028817a33812ffd0133816aacd40011','4028817a33812ffd0133813f25940001','2','光华','6998','04.png','3be8121c-867d-4745-bebf-3844e6a05589.png','全明料蛋糕盘+蛋糕罩 \\r\\n盘子沿电镀，罩子上珠描白金。\\r\\n尺',1,'PCS',300,300,0,NULL,19.00,5700.00,20,'1',NULL),
('4028817a33812ffd0133816aacd40012','4028817a33812ffd0133813f25940001','2','光华','5118','08.png','635cdf31-8e48-45f3\n\n-886c-5fffd532175b.png','全明料蛋糕盘+罩子\\r\\n罩子上烤白金字母花纸（SWEETS)\\r',1,'PCS',300,300,0,NULL,16.00,4800.00,11,'1',NULL),
('4028817a33812ffd0133816aacd40013','4028817a33812ffd0133813f25940001','7','天顺','8708','15.png','39b3ac6f-fb30-4b37-8fff-a07fb88aef15.png','怪虫小碗，喷紫色，喷漆，喷珠光\\r\\n尺寸：18CX9CM高\\r\\n',1,'PCS',600,600,0,NULL,6.50,3900.00,23,'1',NULL),
('4028817a33812ffd0133816aacd40014','4028817a33812ffd0133813f25940001','4','精艺','5336','29.png','466ba3d1-94b5-44ca-92c9-98631bf3b92b.png','全明料死模风灯，电镀花银喷绿色  \\r\\n   \\r\\n尺寸：14.5X',1,'PCS',300,300,0,NULL,8.00,2400.00,14,'1',NULL),
('4028817a33812ffd0133816aacd40015','4028817a33812ffd0133813f25940001','4','精艺','5337','28.png','78ff069b-327e-488e-a629-b76bed0efb98.png','全明料死模风灯，电镀花银喷蓝色\\r\\n\\r\\n尺寸：14.5X20C',1,'PCS',300,300,0,NULL,8.00,2400.00,15,'1',NULL),
('4028817a33812ffd0133816aacd40016','4028817a33812ffd0133813f25940001','2','光华','603MA','09.png','ea12f8ba-afc1-4651-bc10-432c85fcb091.png','全明平光蛋糕盘+罩子,磨口抛光\\r\\n蛋糕罩子尺寸：17.5X1',1,'PCS',600,600,0,NULL,20.00,12000.00,19,'1',NULL),
('4028817a33812ffd0133816aacd40017','4028817a33812ffd0133813f25940001','2','光华','5117','10.png','4f7fdc19-c276-47da-aced-5cec4e02be08.png','全明料蛋糕盘+罩子\\r\\n罩上烤白金字母花纸（SWEETS)\\r\\n',1,'PCS',300,300,0,NULL,17.00,5100.00,10,'1',NULL),
('4028817a33812ffd0133816aacd40018','4028817a33812ffd0133813f25940001','4','精艺','5400','31.png','3b810117-19c6-446e-886f-d3b2fd5ba411.png','全明料死模风灯，电镀花银喷蓝色\\r\\n \\r\\n尺寸：17X23CM',1,'PCS',300,300,0,NULL,11.50,3450.00,16,'1',NULL),
('4028817a33812ffd0133816aacd40019','4028817a33812ffd0133813f25940001','4','精艺','4998','30.png','0c400655-fb24-4781-aae1-eaa30e31ad4c.png','全明料死模风灯，电镀花银喷紫色\\r\\n明料挺底\\r\\n尺寸：11.5',1,'PCS',300,300,0,NULL,10.50,3150.00,6,'1',NULL),
('4028817a33812ffd0133816aacd4001a','4028817a33812ffd0133813f25940001','2','光华','8760','11.png','2aaba753-e5d2-4c42-badf-cc16acf81d2b.png','全明料竖棱糖缸配盖子\\r\\n尺寸：16.5X51CM高\\r\\n\\r\\n1',1,'PCS',600,600,0,NULL,16.00,9600.00,26,'1',NULL),
('4028817a33812ffd0133816aacd4001b','4028817a33812ffd0133813f25940001','2','光华','844MA','12.png','6f6f097f-ae83-4ecb-80c6-ec1e93353985.png','全明料糖缸带盖子\\r\\n盖子：9.3X13.3CM高 壁厚3MM',1,'PCS',600,600,0,NULL,16.00,9600.00,22,'1',NULL),
('4028817a33812ffd0133816aacd4001c','4028817a33812ffd0133813f25940001','2','光华','9869','13.png','be81bc6b-610b-45fa-bb8b-5156d8de9d52.png','全明料喇叭底糖缸配盖子\\r\\n尺寸：19X40CM高\\r\\n1只/上',1,'PCS',600,600,0,NULL,16.00,9600.00,28,'1',NULL),
('4028817a33812ffd0133816aacd4001d','4028817a33812ffd0133813f25940001','7','天顺','8709','16.png','d33ee976-4d35-4990-ae41-eebee8989f5a.png','怪虫小碗，喷蓝色，喷漆，喷珠光\\r\\n尺寸：18CMX9CM高\\r',1,'PCS',600,600,0,NULL,6.50,3900.00,24,'1',NULL),
('4028817a33812ffd013382048ff80026','4028817a33812ffd013382048ff80024','1','宏艺','20-37-265/JK1050163',NULL,'e96667ee-d5e9-43d1-bac0-758593c56629.png','全明料蛋糕盘+罩子\\r\\n罩子烤蒙砂白花纸，花纸我司供\\r\\n尺寸：',1,'PCS',1200,1200,0,NULL,11.00,13200.00,2,'1',NULL),
('4028817a33812ffd0133821a8eb5002c','4028817a33812ffd0133821a8eb5002b','1','宏艺','JK110102',NULL,'e4df38d5-f0d9-4f91-99c6-240addaa36a3.png','全明料平光蛋糕罩配钻石盘子\\r\\n罩子上粘小鸟，小鸟和钻石盘我司',1,'PCS',150,150,0,NULL,32.00,4800.00,2,'1',NULL),
('4028817a33812ffd0133821a8eb5002d','4028817a33812ffd0133821a8eb5002b','1','宏艺','JK110101',NULL,'bfd61df4-61b5-492c-b11c-7d19b63f5cf1.png','全明料平光蛋糕罩配钻石盘子\\r\\n罩子上粘小鸟，小鸟和钻石盘我司',1,'PCS',152,152,0,NULL,22.00,3344.00,1,'1',NULL),
('4028817a33d4f8b40133d9878e88000e','4028817a33d4f8b40133d9878e88000d','13','平遥鸿艺','JK1060019/11990',NULL,NULL,'全明料密直棱低口杯\\r\\n尺寸：9X10.5CM高\\r\\n4只/五层',4,'PCS',696,696,0,NULL,5.00,3480.00,6,'1',NULL),
('4028817a33d4f8b40133d9878e88000f','4028817a33d4f8b40133d9878e88000d','13','平遥鸿艺','JK103134/11989',NULL,NULL,'全明料密直棱香槟杯\\r\\n尺寸：9X21CM高\\r\\n4只/五层内盒',4,'PCS',832,832,0,NULL,6.00,4992.00,7,'1',NULL),
('4028817a33d4f8b40133d9878e880010','4028817a33d4f8b40133d9878e88000d','1','宏艺','JK1050152/11306',NULL,NULL,'全明料酒杯，口部描1CM白金边\\r\\n尺寸：7X26CM高\\r\\n4',4,'PCS',608,608,0,NULL,8.50,5168.00,1,'1',NULL),
('4028817a33d4f8b40133d9878e880011','4028817a33d4f8b40133d9878e88000d','2','光华','JK103233/11301',NULL,NULL,'全明料糖缸配盖子，糖缸刻钻石描亮油\\r\\n尺寸：11X30.5C',1,'PCS',12,12,0,NULL,18.00,216.00,11,'1',NULL),
('4028817a33d4f8b40133d9878e880012','4028817a33d4f8b40133d9878e88000d','1','宏艺','JK1050068/11314',NULL,NULL,'全明料马丁尼，口部描1CM白金边\\r\\n尺寸：12X19CM高\\r',4,'PCS',608,608,0,NULL,11.20,6809.60,3,'1',NULL),
('4028817a33d4f8b40133d9878e880013','4028817a33d4f8b40133d9878e88000d','2','光华','JK1050317/12006',NULL,NULL,'全明料糖缸配盖子，糖缸刻交叉麦穗花\\r\\n尺寸：10.5X14C',1,'PCS',168,168,0,NULL,9.50,1596.00,9,'1',NULL),
('4028817a33d4f8b40133d9878e880015','4028817a33d4f8b40133d9878e88000d','2','光华','JK1050316/12005',NULL,'undefined','全明料糖缸配盖子，糖缸刻交叉麦穗花\\r\\n尺寸：15X15CM高',1,'PCS',162,162,0,NULL,12.50,2025.00,10,'1',NULL),
('4028817a33d4f8b40133d9878e880016','4028817a33d4f8b40133d9878e88000d','2','光华','JK1050201/12078',NULL,'undefined','全明料蛋糕罩配盘子，罩子上烤花纸\\r\\n罩子尺寸：15X11.5',1,'PCS',204,204,0,NULL,18.00,3672.00,4,'1',NULL),
('4028817a33d4f8b40133d9878e880017','4028817a33d4f8b40133d9878e88000d','1','宏艺','JK1050154/11308',NULL,'undefined','全明料香槟杯，口部描1CM白金边\\r\\n尺寸：5X29CM高\\r\\n',4,'PCS',704,704,0,NULL,7.50,5280.00,2,'1',NULL),
('4028817a33d4f8b40133d9878e880018','4028817a33d4f8b40133d9878e88000d','13','平遥鸿艺','JK103136/11988',NULL,'undefined','全明料密直棱酒杯，底厚要求5MM\\r\\n尺寸：9X17.5CM高',4,'PCS',928,928,0,NULL,6.30,5846.40,5,'1',NULL),
('4028817a33d4f8b40133d991a50d001a','4028817a33d4f8b40133d991a50d0019','ff808081301885760130189e47ca0013','文水志远','JK1040446/JK446',NULL,'undefined','全明料糖缸配盖子，普通底\\r\\n尺寸：16.5X50CM高\\r\\n1',1,'PCS',600,600,0,NULL,25.00,15000.00,7,'1',NULL),
('4028817a33d4f8b40133d991a50d001b','4028817a33d4f8b40133d991a50d0019','2','光华','JK1040364/JK364',NULL,'undefined','全明料糖缸配盖子\\r\\n尺寸：19X39CM高\\r\\n1只/上下保丽',1,'PCS',600,600,0,NULL,25.00,15000.00,6,'1',NULL),
('4028817a33d4f8b40133d991a50d001c','4028817a33d4f8b40133d991a50d0019','2','光华','JK1050316/JK316',NULL,'undefined','全明料糖缸，刻麦穗花不描亮油。\\r\\n盖子电镀，电镀我司安排。\\r',1,'PCS',600,600,0,NULL,12.00,7200.00,2,'1',NULL),
('4028817a33d4f8b40133d991a50d001d','4028817a33d4f8b40133d991a50d0019','1','宏艺','JK1050166/JK166',NULL,'undefined','全明料糖缸，刻花不描亮油。\\r\\n尺寸：12.5X26.5CM高',1,'PCS',600,600,0,NULL,16.00,9600.00,1,'1',NULL),
('4028817a33d4f8b40133d991a50d001e','4028817a33d4f8b40133d991a50d0019','4','精艺','JK103694/JK694',NULL,'undefined','套6全明料死模低口杯\\r\\n尺寸：8X12.5CM高\\r\\n1套/白',1,'PCS',480,480,0,NULL,24.00,11520.00,4,'1',NULL),
('4028817a33d4f8b40133d991a50d001f','4028817a33d4f8b40133d991a50d0019','ff808081301885760130189e47ca0013','文水志远','JK103956/JK956',NULL,'undefined','全明料蛋糕罩配盘子\\r\\n盘子我司安排\\r\\n罩子尺寸：33X14X',1,'PCS',480,480,0,NULL,27.00,12960.00,5,'1',NULL),
('4028817a33d4f8b40133d991a50d0020','4028817a33d4f8b40133d991a50d0019','4','精艺','JK103693/JK693',NULL,'undefined','套6全明料死模低口杯\\r\\n尺寸：7.3X10.5CM高\\r\\n1套',1,'PCS',184,184,0,NULL,21.00,3864.00,3,'1',NULL),
('4028817a33d4f8b40133d9be557b0029','4028817a33d4f8b40133d991a50d0019','9','华艺','J859101549/JK549',NULL,NULL,'全明料蛋糕盘\\r\\n尺寸：直径33.5CM\\r\\n2只/五层内盒  ',2,'PCS',1200,1200,0,NULL,10.00,12000.00,12,'1',NULL),
('4028817a33d4f8b40133d9be557b002a','4028817a33d4f8b40133d991a50d0019','4028817a33d4f8b40133d9989f5e0024','民鑫','JK1060338/JK338',NULL,NULL,'全明料机压直棱糖缸\\r\\n尺寸：15.5X15.5CM 高\\r\\n1',1,'PCS',2400,2400,0,NULL,7.15,17160.00,8,'1',NULL),
('4028817a33d4f8b40133d9be557b002b','4028817a33d4f8b40133d991a50d0019','9','华艺','JK103209/JK209',NULL,NULL,'全明料2层钻石蛋糕盘，配喷塑铁架\\r\\n铁架我司供\\r\\n大盘尺寸：',1,'PCS',1200,1200,0,NULL,13.00,15600.00,11,'1',NULL),
('4028817a33d4f8b40133d9be557b002c','4028817a33d4f8b40133d991a50d0019','9','华艺','JK1031007-LP/JK007/1',NULL,NULL,'全明料钻石蛋糕盘，粘底座\\r\\n尺寸：30X11.5CM高\\r\\n1',1,'PCS',600,600,0,NULL,10.50,6300.00,13,'1',NULL),
('4028817a33d4f8b40133d9be557b002d','4028817a33d4f8b40133d991a50d0019','1','宏艺','JK1050128/JK0128',NULL,NULL,'全明料三层糖缸，刻麦穗花\\r\\n尺寸：12X22.5CM\\r\\n1套',1,'PCS',600,600,0,NULL,18.50,11100.00,9,'1',NULL),
('4028817a33d4f8b40133d9be557b002e','4028817a33d4f8b40133d991a50d0019','2','光华','JK103176/JK176',NULL,NULL,'全明料糖缸，刻花，不带盖子\\r\\n尺寸：20X14.5CM高\\r\\n',1,'PCS',480,480,0,NULL,18.50,8880.00,10,'1',NULL),
('4028817a33d4f8b40133d9bea39b0030','4028817a33d4f8b40133d9bea39b002f','1','宏艺','JK1050806/JK032',NULL,'undefined','套6全明料香槟杯，电镀渐变色\\r\\n尺寸：5.7X25CM高\\r\\n',1,'PCS',320,320,0,NULL,31.80,10176.00,6,'1',NULL),
('4028817a33d4f8b40133d9bea39b0031','4028817a33d4f8b40133d9bea39b002f','4','精艺','JK045/JK1060426',NULL,'undefined','套6紫色碗明挺底香槟杯\\r\\n尺寸：8X17CM高\\r\\n1套/五层',1,'PCS',240,240,0,NULL,33.60,8064.00,9,'1',NULL),
('4028817a33d4f8b40133d9bea39b0032','4028817a33d4f8b40133d9bea39b002f','1','宏艺','JK1050807/JK033',NULL,'undefined','套6全明料酒杯，电镀渐变色\\r\\n尺寸：8X24CM高\\r\\n1套/',1,'PCS',300,300,0,NULL,34.80,10440.00,7,'1',NULL),
('4028817a33d4f8b40133d9bea39b0033','4028817a33d4f8b40133d9bea39b002f','4028817a33d4f8b40133d9989f5e0024','民鑫','JK040/JK1060338',NULL,'undefined','全明料机压竖棱糖缸\\r\\n尺寸：15.5X15.5CM\\r\\n1只/',1,'PCS',3000,3000,0,NULL,8.04,24120.00,3,'1',NULL),
('4028817a33d4f8b40133d9bea39b0034','4028817a33d4f8b40133d9bea39b002f','4','精艺','JK044/JK1060425',NULL,'undefined','套6紫色碗明挺底红酒杯\\r\\n尺寸：8X20CM高\\r\\n1套/五层',1,'PCS',240,240,0,NULL,34.80,8352.00,8,'1',NULL),
('4028817a33d4f8b40133d9bea39b0035','4028817a33d4f8b40133d9bea39b002f','1','宏艺','JK019/J859100824',NULL,'undefined','套4全明料酒杯，口部描2.5CM宽白金边\\r\\n尺寸：8.4X2',1,'PCS',320,320,0,NULL,58.00,18560.00,2,'1',NULL),
('4028817a33d4f8b40133d9bea39b0036','4028817a33d4f8b40133d9bea39b002f','1','宏艺','JK018/J859100826',NULL,'undefined','套4全明料香槟杯，口部描2.5CM宽白金边\\r\\n尺寸：4.7X',1,'PCS',300,300,0,NULL,40.00,12000.00,1,'1',NULL),
('4028817a33d4f8b40133d9bea39b0037','4028817a33d4f8b40133d9bea39b002f','3','会龙','JK041/JK1060339',NULL,'undefined','全明料蒙古包糖缸\\r\\n尺寸：9X11CM高\\r\\n1只/五层内盒 ',1,'PCS',3000,3000,0,NULL,4.00,12000.00,4,'1',NULL),
('4028817a33d4f8b40133d9bea39b0038','4028817a33d4f8b40133d9bea39b002f','1','宏艺','JK020/J859100825',NULL,'undefined','套4全明料马丁尼，口部描2.5CM白金边\\r\\n尺寸：11.8X',1,'PCS',300,300,0,NULL,70.00,21000.00,5,'1',NULL),
('4028817a33f7960d0133f8d912ba0005','4028817a33812ffd0133821a8eb5002b','9','华艺','JK110102',NULL,NULL,'全明料钻石盘子\\r\\n盘子尺寸：29.5X11.5CM\\r\\n安全包',1,'PCS',150,150,0,NULL,10.00,1500.00,3,'1',NULL),
('4028817a33f7960d0133f8d912ba0006','4028817a33812ffd0133821a8eb5002b','9','华艺','JK110101',NULL,NULL,'全明料钻石盘子\\r\\n盘子尺寸：23X11.5CM\\r\\n安全包装送',1,'PCS',152,152,0,NULL,8.50,1292.00,4,'1',NULL),
('4028817a33fc4e280133fcdb13f4000e','4028817a33d4f8b40133d9bea39b002f','1','宏艺','JK052/JK1070691',NULL,NULL,'套4全明料马丁尼\\r\\n尺寸：12.5X19.5CM高\\r\\n1套/',1,'PCS',300,300,0,NULL,30.00,9000.00,12,'1',NULL),
('4028817a33fc4e280133fcdb13f4000f','4028817a33d4f8b40133d9bea39b002f','5','汇越','JK050/JK1070690',NULL,NULL,'套4全明料白酒杯，钻石挺\\r\\n尺寸：8.6X23CM高\\r\\n1套',1,'PCS',300,300,0,NULL,23.20,6960.00,11,'1',NULL),
('4028817a33fc4e280133fcdb13f40010','4028817a33d4f8b40133d9bea39b002f','2','光华','JK046/JK1050201',NULL,NULL,'全明料蛋糕盘+罩子\\r\\n罩子上烤蒙砂白花纸\\r\\n距口部1CM处，',1,'PCS',600,600,0,NULL,19.00,11400.00,10,'1',NULL),
('4028817a33fc4e280133fd81e7d7001e','4028817a33fc4e280133fd81e7d7001d','2','光华','169280',NULL,NULL,'全明料蛋糕盘+罩子  \\r\\n距离罩子口部3CM烤字母花纸  \\r\\n',1,'PCS',100,100,0,NULL,32.00,3200.00,10,'1',NULL),
('4028817a33fc4e280133fd81e7d7001f','4028817a33fc4e280133fd81e7d7001d','1','宏艺','J859102682/113860',NULL,NULL,'全明料糖缸，烤字母白花纸\\r\\nSTORAGE ONLY\\r\\n尺寸',1,'PCS',300,300,0,NULL,16.00,4800.00,5,'1',NULL),
('4028817a33fc4e280133fd81e7d70020','4028817a33fc4e280133fd81e7d7001d','4','精艺','JK1080435',NULL,NULL,'全明料球形瓶子，刻花，描亮油\\r\\n\\r\\n尺寸:9.5X10.5C',1,'PCS',1008,1008,0,NULL,9.00,9072.00,4,'1',NULL),
('4028817a33fc4e280133fd81e7d70021','4028817a33fc4e280133fd81e7d7001d','2','光华','123540',NULL,NULL,'全明料蛋糕盘子+罩子\\r\\n罩子上烤字母（HIGH TEA）花纸',1,'PCS',100,100,0,NULL,22.00,2200.00,9,'1',NULL),
('4028817a33fc4e280133fd81e7d70022','4028817a33fc4e280133fd81e7d7001d','3','会龙','JK1052446/158080',NULL,NULL,'全明料酒壶，杯身烤白色字母花纸\\r\\n \\r\\n尺寸：7.8X22.',1,'PCS',702,702,0,NULL,16.50,11583.00,6,'1',NULL),
('4028817a33fc4e280133fd81e7d70023','4028817a33fc4e280133fd81e7d7001d','ff808081301885760130189e47ca0013','文水志远','62145',NULL,NULL,'全明料蛋糕罩子\\r\\n\\r\\n尺寸：30.3X11.5X15CM\\r\\n',1,'PCS',504,504,0,NULL,27.00,13608.00,2,'1',NULL),
('4028817a33fc4e280133fd81e7d70024','4028817a33fc4e280133fd81e7d7001d','ff808081301885760130189e47ca0013','文水志远','62146/F-57',NULL,NULL,'全明料蛋糕罩子，刻麦穗花\\r\\n\\r\\n尺寸：30.3X11.5X1',1,'PCS',504,504,0,NULL,28.50,14364.00,3,'1',NULL),
('4028817a33fc4e280133fd81e7d70025','4028817a33fc4e280133fd81e7d7001d','ff808081301885760130189e47ca0013','文水志远','JKF081342/62180',NULL,NULL,'全明料蛋糕罩子+盘子\\r\\n盘子我司安排\\r\\n尺寸：30.3X11',1,'PCS',652,652,0,NULL,27.00,17604.00,1,'1',NULL),
('4028817a33fc4e280133fd81e7d70026','4028817a33fc4e280133fd81e7d7001d','1','宏艺','JK10501218/160380',NULL,NULL,'全明料糖缸带盖子，糖缸身上烤\\r\\n白色字母花纸\\r\\n尺寸：12.',1,'PCS',600,600,0,NULL,15.00,9000.00,8,'1',NULL),
('4028817a33fc4e280133fd81e7d70027','4028817a33fc4e280133fd81e7d7001d','1','宏艺','JK1040009/141760',NULL,NULL,'全明料三层糖缸，烤字母花纸\\r\\n花纸我司安排\\r\\n尺寸：16.5',1,'PCS',300,300,0,NULL,35.00,10500.00,7,'1',NULL),
('4028817a33fc4e280133fd89fcc00028','4028817a33fc4e280133fd81e7d7001d','7','天顺','JKF081342/62180',NULL,NULL,'全明料蛋糕盘配罩子\\r\\n罩子由文水志远厂提供\\r\\n尺寸：33X1',1,'PCS',652,652,0,NULL,10.40,6780.80,11,'1',NULL),
('4028817a33fc4e280133fd9f8b4e0030','4028817a33fc4e280133fd9f8b4e002f','15','南皮开发','JK1040158/12068',NULL,NULL,'明料灯宫细转棱蜡台\\r\\n\\r\\n尺寸：6X26CM高\\r\\n4只/三层',4,'PCS',400,400,0,NULL,9.70,3880.00,4,'1',NULL),
('4028817a33fc4e280133fd9f8b4e0031','4028817a33fc4e280133fd9f8b4e002f','2','光华','JK1050317/12006',NULL,NULL,'明料糖缸配明料盖子\\r\\n缸身刻交叉麦穗花\\r\\n尺寸：10.5X1',1,'PCS',504,504,0,NULL,9.50,4788.00,3,'1',NULL),
('4028817a33fc4e280133fd9f8b4e0032','4028817a33fc4e280133fd9f8b4e002f','2','光华','JK1050316/12005',NULL,NULL,'明料糖缸配明料盖子\\r\\n缸身刻交叉麦穗花\\r\\n尺寸：15X15C',1,'PCS',348,348,0,NULL,12.50,4350.00,2,'1',NULL),
('4028817a33fc4e280133fd9f8b4e0033','4028817a33fc4e280133fd9f8b4e002f','2','光华','JK103233/11301',NULL,NULL,'全明料糖缸刻钻石，描亮油\\r\\n尺寸：11X30.5CM高\\r\\n1',1,'PCS',408,408,0,NULL,18.00,7344.00,1,'1',NULL),
('4028817a33fc4e280133fdb370c00034','4028817a33812ffd0133813f25940001','7','天顺','9749','17.png','怪虫小碗喷绿色，喷漆','怪虫小碗喷绿色，喷漆，喷珠光\\r\\n尺寸：18X9CM高\\r\\n4只',4,'PCS',304,304,0,NULL,6.50,1976.00,29,'1',NULL),
('4028817a33fc4e280133fdb370cf0035','4028817a33812ffd0133813f25940001','7','天顺','9749','18.png',NULL,'怪虫小碗喷绿色，喷漆，喷珠光\\r\\n尺寸：18X9CM高\\r\\n4只',4,'PCS',304,304,0,NULL,6.50,1976.00,30,'1',NULL),
('4028817a33fc4e280133fdb370df0036','4028817a33812ffd0133813f25940001','7','天顺','9749','19.png',NULL,'怪虫小碗喷绿色，喷漆，喷珠光\\r\\n尺寸：18X9CM高\\r\\n4只',4,'PCS',304,304,0,NULL,6.50,1976.00,31,'1',NULL),
('4028817a33fc4e280133fde6504f0037','4028817a33fc4e280133fd9f8b4e002f','2','光华','JK1050201/12078',NULL,NULL,'全明料蛋糕罩配盘子,罩子上烤蒙砂白花纸\\r\\n盘子尺寸：16X1',1,'PCS',402,402,0,NULL,18.00,7236.00,5,'1',NULL),
('4028817a33fc4e280133fde6504f0038','4028817a33fc4e280133fd9f8b4e002f','13','平遥鸿艺','JK1050198/12860',NULL,NULL,'全明料酒杯，\\r\\n距口部1.5CM烤蒙砂白花纸\\r\\n尺寸：11X',4,'PCS',400,400,0,NULL,6.50,2600.00,7,'1',NULL),
('4028817a33fc4e280133fde6504f0039','4028817a33fc4e280133fd9f8b4e002f','2','光华','JK169340/13076',NULL,NULL,'全明料蛋糕罩配盘子，罩子上烤蒙砂白花纸    \\r\\n尺寸：25X2',1,'PCS',200,200,0,NULL,36.00,7200.00,8,'1',NULL),
('4028817a33fc4e280133fde6504f003a','4028817a33fc4e280133fd9f8b4e002f','ff808081301885760130189e47ca0013','文水志远','JK1400002/13077',NULL,NULL,'全明料竖棱酒壶，磨口抛光\\r\\n不可有碰口，棱要明显\\r\\n尺寸：1',1,'PCS',1200,1200,0,NULL,13.00,15600.00,9,'1',NULL),
('4028817a33fc4e280133fde6504f003b','4028817a33fc4e280133fd9f8b4e002f','15','南皮开发','JK5100005-F/13079',NULL,NULL,'全明料竖棱香槟杯\\r\\n尺寸：5.5X24.5CM高\\r\\n4只/三',4,'PCS',1200,1200,0,NULL,10.00,12000.00,11,'1',NULL),
('4028817a33fc4e280133fde6504f003c','4028817a33fc4e280133fd9f8b4e002f','13','平遥鸿艺','JK1050195/12859',NULL,NULL,'全明料香槟杯\\r\\n距口部1.5CM烤蒙砂白花纸\\r\\n尺寸：8X2',4,'PCS',400,400,0,NULL,6.00,2400.00,6,'1',NULL),
('4028817a33fc4e280133fde6504f003d','4028817a33fc4e280133fd9f8b4e002f','15','南皮开发','JK5100004/13078',NULL,NULL,'全明料直棱酒杯\\r\\n尺寸：9.5X18.5CM高\\r\\n4只/三层',4,'PCS',1200,1200,0,NULL,8.80,10560.00,10,'1',NULL),
('4028817a33fc4e280133fde6504f003e','4028817a33fc4e280133fd9f8b4e002f','15','南皮开发','JK5300006/13080',NULL,NULL,'全明料竖棱糖缸，盖子上带圆头\\r\\n尺寸：9X8CM高\\r\\n1只/',1,'PCS',1200,1200,0,NULL,8.50,10200.00,12,'1',NULL),
('4028817a33fc4e280133fde6504f003f','4028817a33fc4e280133fd9f8b4e002f','15','南皮开发','JK5300007/13081',NULL,NULL,'全明料竖棱糖缸，盖子上带圆头\\r\\n尺寸：9X12CM高\\r\\n1只',1,'PCS',1200,1200,0,NULL,9.80,11760.00,13,'1',NULL),
('4028817a3420e78a013421a693820002','4028817a3420e78a013421a693730001','4','精艺','4995',NULL,'c7801815-993e-43f0-8ac5-d5d788f34e74.png','全明料死模风灯，电镀花银喷紫色\\r\\n明料挺底，电镀喷色我司安排',1,'PCS',300,300,1,NULL,8.50,2550.00,3,'1',NULL),
('4028817a3420e78a013421a693820003','4028817a3420e78a013421a693730001','4','精艺','4994',NULL,'ae3e208e-8037-41dc-89d3-6727d1403c4c.png','全明料死模风灯，电镀花银喷浅海蓝\\r\\n明料挺底,电镀喷色我司安',1,'PCS',300,300,1,NULL,8.50,2550.00,2,'1',NULL),
('4028817a3420e78a013421a693820004','4028817a3420e78a013421a693730001','4','精艺','4996',NULL,'09b2983e-67b1-4f42-b6ec-0efa99b90cae.png','全明料死模风灯，电镀花银喷浅绿色\\r\\n明料挺底，电镀喷色我司安',1,'PCS',300,300,1,NULL,10.50,3150.00,4,'1',NULL),
('4028817a3420e78a013421a693820005','4028817a3420e78a013421a693730001','2','光华','5118',NULL,'d2f2ab57-ca50-43ff-87fd-9b6b38d14adc.png','全明料蛋糕盘+罩子  \\r\\n罩子上烤白金字母花纸（SWEETS)',1,'PCS',300,300,1,NULL,16.00,4800.00,14,'1',NULL),
('4028817a3420e78a013421a693820006','4028817a3420e78a013421a693730001','4','精艺','4993',NULL,'49a9221c-aa5d-42a6-997c-9671c69ebb96.png','全明料死模风灯，电镀花银喷浅绿色   \\r\\n明料挺底，电镀喷色我',1,'PCS',300,300,1,NULL,8.50,2550.00,1,'1',NULL),
('4028817a3420e78a013421a693820007','4028817a3420e78a013421a693730001','2','光华','5117',NULL,'94744a94-9215-425c-8d7c-e6c27b74d47a.png','全明料蛋糕盘+罩子  \\r\\n罩上烤白金字母花纸（SWEETS)  ',1,'PCS',300,300,1,NULL,17.00,5100.00,13,'1',NULL),
('4028817a3420e78a013421a693820008','4028817a3420e78a013421a693730001','4028817a33d4f8b40133d9989f5e0024','民鑫','5086',NULL,'f9c8b767-01c1-47a1-816c-4203c229f765.png','全明料冰花风灯，电镀花银喷绿色\\r\\n尺寸：12.5X20CM高',1,'PCS',300,300,1,NULL,13.00,3900.00,10,'1',NULL),
('4028817a3420e78a013421a693820009','4028817a3420e78a013421a693730001','1','宏艺','5190',NULL,'b0d362a3-2044-4bb8-ad61-0d6228e94110.png','全明料平光蛋糕罩配钻石盘子\\r\\n罩子上粘小鸟，小鸟和钻石盘我司',1,'PCS',100,100,1,NULL,22.00,2200.00,16,'1',NULL),
('4028817a3420e78a013421a69382000a','4028817a3420e78a013421a693730001','9','华艺','5190',NULL,'de8f61ab-0ce5-4e66-862f-acc66140d77f.png','全明料钻石蛋糕盘粘底座\\r\\n \\r\\n尺寸：23X11.5CM高\\r',1,'PCS',100,100,1,NULL,8.50,850.00,17,'1',NULL),
('4028817a3420e78a013421a69382000b','4028817a3420e78a013421a693730001','4028817a33d4f8b40133d9989f5e0024','民鑫','5084',NULL,'4afac9ad-6f75-4186-95e2-0f3c992fd0a8.png','全明料冰花风灯，电镀花银喷蓝色\\r\\n尺寸：10X17.5CM高',1,'PCS',300,300,1,NULL,11.50,3450.00,8,'1',NULL),
('4028817a3420e78a013421a69382000c','4028817a3420e78a013421a693730001','4028817a33d4f8b40133d9989f5e0024','民鑫','5085',NULL,'11799ce4-7d8a-451b-8838-6b01f804b8ff.png','全明料冰花风灯，电镀花银喷紫色\\r\\n尺寸：10X17.5CM高',1,'PCS',300,300,1,NULL,11.50,3450.00,9,'1',NULL),
('4028817a3420e78a013421a69382000d','4028817a3420e78a013421a693730001','7','天顺','5144',NULL,'978f44fd-492c-4209-8b4a-6dd58539a14f.png','全明料钻石蛋糕盘粘底座\\r\\n喷绿色，喷漆，喷珠光\\r\\n尺寸：23',1,'PCS',100,100,1,NULL,11.00,1100.00,15,'1',NULL),
('4028817a3420e78a013421a69382000e','4028817a3420e78a013421a693730001','4','精艺','4998',NULL,'4c8991c6-227e-4c31-bcf7-539fd002cd12.png','全明料死模风灯，电镀花银喷紫色\\r\\n明料挺底,电镀喷色我司安排',1,'PCS',300,300,1,NULL,10.50,3150.00,6,'1',NULL),
('4028817a3420e78a013421a69382000f','4028817a3420e78a013421a693730001','4028817a33d4f8b40133d9989f5e0024','民鑫','5088',NULL,'9926bf89-1345-4082-aeeb-a3f94d0dcc40.png','全明料冰花风灯，电镀花银喷蓝色\\r\\n尺寸：12.5X20CM高',1,'PCS',300,300,1,NULL,13.00,3900.00,11,'1',NULL),
('4028817a3420e78a013421a693820010','4028817a3420e78a013421a693730001','4028817a33d4f8b40133d9989f5e0024','民鑫','5089',NULL,'22a26221-2c14-4ea4-b972-ebe9df1a27ab.png','全明料冰花风灯，电镀花银喷紫色\\r\\n尺寸：12.5X20CM高',1,'PCS',300,300,1,NULL,13.00,3900.00,12,'1',NULL),
('4028817a3420e78a013421a693920011','4028817a3420e78a013421a693730001','4','精艺','4997',NULL,'f62db940-2432-4a7d-946c-22e2ba184d37.png','全明料死模风灯，电镀花银喷浅海蓝\\r\\n明料挺底，电镀喷色我司安',1,'PCS',300,300,1,NULL,10.50,3150.00,5,'1',NULL),
('4028817a3420e78a013421a693920012','4028817a3420e78a013421a693730001','4028817a33d4f8b40133d9989f5e0024','民鑫','5083',NULL,'65fe2446-a833-483a-ad34-dc5da6a7e28a.png','全明料冰花风灯，电镀花银喷绿色\\r\\n尺寸：10X17.5CM高',1,'PCS',300,300,1,NULL,11.50,3450.00,7,'1',NULL),
('4028817a3420e78a013421d2e3fe0013','4028817a3420e78a013421a693730001','4','精艺','5336',NULL,'422bfb7c-ad4e-4098-8953-beca57d6259c.png','全明料死模风灯，电镀花银喷绿色  \\r\\n   \\r\\n尺寸：14.5X',1,'PCS',300,300,1,NULL,8.00,2400.00,20,'1',NULL),
('4028817a3420e78a013421d2e3fe0014','4028817a3420e78a013421a693730001','4','精艺','5331',NULL,'c09ea297-bb5f-47a0-b8a0-0b4419f6e138.png','全明料死模风灯，电镀花银喷绿色\\r\\n尺寸：17X23CM高\\r\\n',1,'PCS',300,300,1,NULL,11.50,3450.00,19,'1',NULL),
('4028817a3420e78a013421d2e3fe0015','4028817a3420e78a013421a693730001','9','华艺','5190',NULL,'aa3e7517-3227-41ff-b239-a5a6d5c00939.png','机压小鸟,表面要光滑\\r\\n\\r\\n安全包装送祁县宏艺厂\\r\\n请提供一',1,'PCS',100,100,1,NULL,2.40,240.00,18,'1',NULL),
('4028817a3420e78a013421e2e3c10016','4028817a3420e78a013421a693730001','4','精艺','5400',NULL,'f475d46e-733a-4220-8243-98ba76f09ddc.png','全明料死模风灯，电镀花银喷蓝色\\r\\n \\r\\n尺寸：17X23CM',1,'PCS',300,300,1,NULL,11.50,3450.00,22,'1',NULL),
('4028817a3420e78a013421e2e3c10017','4028817a3420e78a013421a693730001','7','天顺','9749',NULL,'3d52357d-71bf-4ac1-b7f0-38b640a2d349.png','怪虫小碗，喷绿色，喷漆，喷珠光\\r\\n\\r\\n尺寸:18X9CM高\\r',4,'PCS',600,600,1,NULL,6.50,3900.00,28,'1',NULL),
('4028817a3420e78a013421e2e3c10018','4028817a3420e78a013421a693730001','2','光华','8759',NULL,'c5f0d6c6-275f-4fb4-b468-a9be38f85f02.png','全明料糖缸带盖子\\r\\n尺寸：16.5X40CM高\\r\\n1只/上下',1,'PCS',600,600,1,NULL,15.00,9000.00,27,'1',NULL),
('4028817a3420e78a013421e2e3c10019','4028817a3420e78a013421a693730001','7','天顺','8709',NULL,'2720f819-b111-4aeb-b5e8-abc262dc5a7b.png','怪虫小碗，喷蓝色，喷漆，喷珠光\\r\\n \\r\\n尺寸：18X9CM高',4,'PCS',600,600,1,NULL,6.50,3900.00,26,'1',NULL),
('4028817a3420e78a013421e2e3c1001a','4028817a3420e78a013421a693730001','4','精艺','5337',NULL,'c2ff4999-1ea3-479d-8859-3302bb0e9d77.png','全明料死模风灯，电镀花银喷蓝色  \\r\\n  \\r\\n尺寸：14.5X2',1,'PCS',300,300,1,NULL,8.00,2400.00,21,'1',NULL),
('4028817a3420e78a013421e2e3c1001b','4028817a3420e78a013421a693730001','7','天顺','8708',NULL,'cd89d279-e040-4647-a89f-59bfee1d6db9.png','怪虫小碗，喷紫色，喷漆，喷珠光\\r\\n \\r\\n尺寸：18X9CM高',4,'PCS',600,600,1,NULL,6.50,3900.00,25,'1',NULL),
('4028817a3420e78a013421e2e3c1001c','4028817a3420e78a013421a693730001','2','光华','843MA',NULL,'6b4da997-ad8c-4101-90cb-1c554c356bb1.png','全明料喇叭底糖缸，带盖子  \\r\\n盖子：10CMX10.3CM高',1,'PCS',600,600,1,NULL,16.00,9600.00,23,'1',NULL),
('4028817a3420e78a013421e2e3c1001d','4028817a3420e78a013421a693730001','2','光华','844MA',NULL,'19dd24a2-4eb2-4273-a46a-229d28aeee85.png','全明料糖缸带盖子\\r\\n盖子：9.3X13.3CM高 壁厚3MM',1,'PCS',600,600,1,NULL,16.00,9600.00,24,'1',NULL),
('4028817a3420e78a013421e53b8c001e','4028817a3420e78a013421a693730001','2','光华','9868',NULL,'6bf2fdf5-6d7e-4147-b40c-6eddf95abcd8.png','全明料喇叭底糖缸配盖子\\r\\n尺寸：5-1/4\\\"X17\\\"H\\r\\n1',1,'PCS',600,600,1,NULL,16.00,9600.00,29,'1',NULL),
('4028817a353b8d8e01353d15008d0047','4028817a353b8d8e01353d15008d0046','4028817a33d4f8b40133d9989f5e0024','民鑫','5089',NULL,'2c991b9e-a14b-4f37-a2ca-5e7d01cba021.jpg','全明料冰花风灯，电镀花银喷紫色。\\r\\n尺寸:12.5*20 C',1,'PCS',204,204,1,NULL,13.00,2652.00,3,'1',NULL),
('4028817a353b8d8e01353d15008d0048','4028817a353b8d8e01353d15008d0046','4028817a33d4f8b40133d9989f5e0024','民鑫','5094',NULL,'7ae1ccaa-426b-4476-bc6a-28258d735fbd.jpg','全明料冰花风灯，粘电镀底座    \\r\\n尺寸：15.8X32CM',1,'PCS',150,150,1,NULL,14.50,2175.00,7,'1',NULL),
('4028817a353b8d8e01353d15008d0049','4028817a353b8d8e01353d15008d0046','4028817a33d4f8b40133d9989f5e0024','民鑫','5093',NULL,'796ec9af-d6bb-4511-a6c6-6d75bcc1f2e3.jpg','全明料冰花风灯粘电镀底座，   \\r\\n喷紫色，全喷，内电镀花银  ',1,'PCS',102,102,1,NULL,16.00,1632.00,6,'1',NULL),
('4028817a353b8d8e01353d15008d004a','4028817a353b8d8e01353d15008d0046','7','天顺','5099',NULL,'9586c248-7796-4f99-b648-f913e65250f3.jpg','全明料钻石蛋糕盘粘底座  \\r\\n喷蓝色，喷漆,喷珠光    \\r\\n尺寸',1,'PCS',152,152,1,NULL,11.00,1672.00,10,'1',NULL),
('4028817a353b8d8e01353d15008d004b','4028817a353b8d8e01353d15008d0046','7','天顺','5098',NULL,'bb0e509f-ccb0-44f4-8320-df18ff6ac880.jpg','全明料钻石蛋糕盘粘底座  \\r\\n喷紫色，喷漆,喷珠光    \\r\\n尺寸',1,'PCS',152,152,1,NULL,11.00,1672.00,9,'1',NULL),
('4028817a353b8d8e01353d15008d004c','4028817a353b8d8e01353d15008d0046','4028817a33d4f8b40133d9989f5e0024','民鑫','5090',NULL,'2ec05114-5c74-4211-b254-4d979218c05e.jpg','全明料冰花风灯粘电镀底座，   \\r\\n喷蓝色，全喷，内电镀花银  ',1,'PCS',102,102,1,NULL,16.00,1632.00,4,'1',NULL),
('4028817a353b8d8e01353d15008d004d','4028817a353b8d8e01353d15008d0046','4028817a33d4f8b40133d9989f5e0024','民鑫','5088',NULL,'9488192b-fb0f-4aa5-9e29-86de71d05675.jpg','全明料冰花风灯，电镀花银喷蓝色。\\r\\n尺寸:12.5*20 C',1,'PCS',204,204,1,NULL,13.00,2652.00,2,'1',NULL),
('4028817a353b8d8e01353d15008d004e','4028817a353b8d8e01353d15008d0046','4028817a33d4f8b40133d9989f5e0024','民鑫','5092',NULL,'289d254d-0f0d-4671-9376-d04cc36540d2.jpg','全明料冰花风灯粘电镀底座，   \\r\\n喷绿色，全喷，内电镀花银  ',1,'PCS',102,102,1,NULL,16.00,1632.00,5,'1',NULL),
('4028817a353b8d8e01353d15008d004f','4028817a353b8d8e01353d15008d0046','4028817a33d4f8b40133d9989f5e0024','民鑫','5095',NULL,'01349ede-bef9-4168-a346-e109e3111773.jpg','全明料冰花风灯，粘明料底座   \\r\\n尺寸：15.8X32CM高',1,'PCS',150,150,1,NULL,14.00,2100.00,8,'1',NULL),
('4028817a353b8d8e01353d15008d0050','4028817a353b8d8e01353d15008d0046','4028817a33d4f8b40133d9989f5e0024','民鑫','5086',NULL,'3c77a543-f2f2-4cf3-b173-8ef1d1a1f8be.jpg','全明料冰花风灯，电镀花银喷绿色。\\r\\n尺寸:12.5*20 C',1,'PCS',204,204,1,NULL,13.00,2652.00,1,'1',NULL),
('4028817a353b8d8e01353d32350d0051','4028817a353b8d8e01353d15008d0046','2','光华','5117',NULL,'aec0cd7f-795e-4c5f-b8c5-532b6479c4be.jpg','全明料蛋糕盘+罩子 \\r\\n罩上烤白金字母花纸（SWEETS)',1,'PCS',100,100,1,NULL,17.00,1700.00,11,'1',NULL),
('4028817a353b8d8e01353d32350d0052','4028817a353b8d8e01353d15008d0046','9','华艺','5191',NULL,'5a77aec3-1299-4b75-8ff4-5c7232d0a8c6.jpg','机压小鸟,表面要光滑    \\r\\n安全包装送祁县宏艺厂    \\r\\n请提',1,'PCS',100,100,1,NULL,2.40,240.00,19,'1',NULL),
('4028817a353b8d8e01353d32350d0053','4028817a353b8d8e01353d15008d0046','7','天顺','5144',NULL,'91d36961-2e9e-44cc-94ed-44ab4d6a24e4.jpg','全明料钻石蛋糕盘粘底座  \\r\\n喷绿色，喷漆，喷珠光    \\r\\n尺寸',1,'PCS',152,152,1,NULL,11.00,1672.00,13,'1',NULL),
('4028817a353b8d8e01353d32350d0054','4028817a353b8d8e01353d15008d0046','9','华艺','5191',NULL,'06191cc8-a932-4f7a-a951-eabbd4336f13.jpg','全明料钻石蛋糕盘粘底座  \\r\\n尺寸：29.5X11.5CM高  ',1,'PCS',100,100,1,NULL,10.00,1000.00,18,'1',NULL),
('4028817a353b8d8e01353d32350d0055','4028817a353b8d8e01353d15008d0046','2','光华','5118',NULL,'b76467e5-21b5-4102-8085-f0d14189e257.jpg','全明料蛋糕盘+罩子    \\r\\n罩子上烤白金字母花纸（SWEETS',1,'PCS',152,152,1,NULL,16.00,2432.00,12,'1',NULL),
('4028817a353b8d8e01353d32350d0056','4028817a353b8d8e01353d15008d0046','9','华艺','5190',NULL,'9a6203d7-01b0-4ebe-bc08-d390b5ecd46a.jpg','机压小鸟,表面要光滑    \\r\\n安全包装送祁县宏艺厂    \\r\\n请提',1,'PCS',100,100,1,NULL,2.40,240.00,16,'1',NULL),
('4028817a353b8d8e01353d32350d0057','4028817a353b8d8e01353d15008d0046','4','精艺','5337',NULL,'ecc411bc-b3ce-4175-9e96-17014661c601.jpg','全明料死模风灯，电镀花银喷蓝色  \\r\\n尺寸：14.5X20CM',1,'PCS',156,156,1,NULL,8.00,1248.00,22,'1',NULL),
('4028817a353b8d8e01353d32350d0058','4028817a353b8d8e01353d15008d0046','9','华艺','5190',NULL,'9196fdca-db89-42a3-99d8-6a168479344c.jpg','全明料钻石蛋糕盘粘底座  \\r\\n尺寸：23X11.5CM高  \\r',1,'PCS',100,100,1,NULL,8.50,850.00,15,'1',NULL),
('4028817a353b8d8e01353d32350d0059','4028817a353b8d8e01353d15008d0046','1','宏艺','5190',NULL,'a3c28393-5d85-4ab5-8f9b-c10d8becf945.jpg','全明料平光蛋糕罩配钻石盘子  \\r\\n罩子上粘小鸟，小鸟和钻石盘我',1,'PCS',100,100,1,NULL,22.00,2200.00,14,'1',NULL),
('4028817a353b8d8e01353d32350d005a','4028817a353b8d8e01353d15008d0046','4','精艺','5330',NULL,'75849bf7-f9a2-4f74-853e-baefef078d93.jpg','全明料死模风灯，电镀花银喷紫色  \\r\\n尺寸：14.5X20CM',1,'PCS',156,156,1,NULL,8.00,1248.00,20,'1',NULL),
('4028817a353b8d8e01353d32350d005b','4028817a353b8d8e01353d15008d0046','4','精艺','5336',NULL,'5fe32315-0fb6-4a84-bb82-61b27ef3a8e3.jpg','全明料死模风灯，电镀花银喷绿色  \\r\\n尺寸：14.5X20CM',1,'PCS',156,156,1,NULL,8.00,1248.00,21,'1',NULL),
('4028817a353b8d8e01353d32353c005c','4028817a353b8d8e01353d15008d0046','1','宏艺','5191',NULL,'135fbc3e-1c1d-4188-91e0-6a54cb0e2901.jpg','全明料平光蛋糕罩配钻石盘子  \\r\\n罩子上粘小鸟，小鸟和钻石盘我',1,'PCS',100,100,1,NULL,32.00,3200.00,17,'1',NULL),
('40288286607ea08c01607ea3d9500001','ff8080816077bbb3016077bd30b10000','1','升华','002','001.jpg','别睡啦','12',11,'PCS',10,NULL,NULL,'快醒醒',5.00,50.00,16,'1',NULL),
('40288286607ea08c01607ea5567b0002','ff8080816077bbb3016077bd30b10000','10','晶晨','003','adssad',NULL,'1',1,'PCS',1,NULL,NULL,NULL,1.00,1.00,3,'1',NULL),
('40288286607ea08c01607ea6c1300003','ff8080816077bbb3016077bd30b10000','19','综艺花纸','005','002.jpg','hello ','1',111,'PCS',2,NULL,NULL,'word',2.00,4.00,2,'1',NULL),
('4028828660b1cd900160b1cf41190001','4028828660b1cd900160b1cebb440000','10','晶晨','fj001','fj002,jpg','xxxx','11',11,'PCS',2,NULL,NULL,'qqqq',10.00,20.00,1,'1',NULL),
('40288287616082eb01616092a3320002','40288287616082eb0161608728560000',NULL,'晶晨',NULL,NULL,NULL,NULL,NULL,NULL,NULL,NULL,NULL,NULL,10.00,10.00,1,'1',NULL),
('4028828761609a96016160a204c80000','40288287616082eb0161608805650001','10','晶晨','1','fj002,jpg','阿斯顿','11',1,'PCS',1,NULL,NULL,'阿斯顿',10.00,10.00,1,'1',NULL),
('4028828761609a96016160a2da5e0001','40288287616082eb0161608805650001','15','南皮开发',NULL,'fj002,jpg',NULL,NULL,NULL,NULL,2,NULL,NULL,NULL,10.00,20.00,NULL,'1',NULL),
('402882876170403101617079e0540000','40288287616a411e01616ab546270006','12','平遥远江','001','fj002,jpg',NULL,'11',11,'PCS',1,NULL,NULL,NULL,10.00,10.00,1,'1',NULL),
('40288287617040310161707a154e0001','40288287616a411e01616ab546270006','12','平遥远江','fj001','fj002,jpg',NULL,'11',11,'SETS',2,NULL,NULL,NULL,5.00,10.00,1,'1',NULL),
('402895c25152201a015152215a930000','402895c2515129200151514376b80002','12','平遥远江','rrttrrttyyrree','11','柘城要柘城','11',11,NULL,11,NULL,NULL,'11',11.00,121.00,11,'1',NULL),
('402899d650894b860150894cef8f0000','402899d650885c420150885d95cb0000','10','晶晨','rwtewr32432','02.png','货描','1/2',5,'PCS',10,NULL,NULL,'要求',100.00,1000.00,2,'1',NULL),
('4028a9bd515b54c901515b5be9e40000','4028a9bd515b2e8201515b3339860000','1','升华','fdgfdgfd','01.png','货物描述','1/2',5,'PCS',10,NULL,NULL,'要求',10.00,100.00,20,'1',NULL),
('42b8eaa7-c7d2-40e0-8727-e90cb209abae','2c90c5004ad63735014ad6d204060005','1','升华','xx001',NULL,'真的','10.0',2,'PCS',1,NULL,NULL,'很不错',5.00,5.00,NULL,'1','传智播客教育股份有限公司'),
('4740cccc-8c67-4810-94f5-97d58bb92073','C2C011E96CC3451DAD181AF3372CB80D','10','晶晨','fj001','http://pohq61v14.bkt.clouddn.com/96E8AE517C6643CABC1E4DA5DF35AD2E_logo.jpg','1','1',1,'PCS',1,NULL,NULL,'1',1.00,1.00,1,'1',NULL),
('4a99e580-cf52-4b57-9b75-c50a491175a9','2c90c5004ad63735014ad6d204060005','15','南皮开发','货号002','http://${qiniu.rtValue}','xxx1','13',14,'PCS',10,NULL,NULL,'xxx2',5.00,50.00,25,'1',NULL),
('8a7e81675ac532ff015ac53571c90001','8a7e81ec5ac06f0d015ac06fbb850000','3','会龙','CP1009','06.png','www','1/3',10,'SETS',30,NULL,NULL,'www',10.00,300.00,345,'1',NULL),
('8a7e81675ac532ff015ac53d26d60003','8a7e81ec5ac06f0d015ac06fbb850000','4','精艺','CP1008','06.png','dsfdsf','1/3',10,'SETS',30,NULL,NULL,'dfds',10.00,300.00,345,'1',NULL),
('8a7e81f06163e3d30161642eb7470001','ff80808160bab4fa0160bb1d6e760008','10','晶晨','001','adssad','xxx','11',11,'PCS',1,NULL,NULL,'xxxx',10.00,10.00,111,'1',NULL),
('8a7e827260b51f700160b520f7bf0000','8a7e84215827fe1b015828058c360001','16','康达','001','fj002,jpg','fj002,jpgfj002,jpgfj002,jpg','11',11,'PCS',2,NULL,NULL,'fj002,jpgfj002,jpgfj002,jpg',10.00,20.00,1,'1',NULL),
('8a7e827260b51f700160b523631e0001','8a7e84215827fe1b015828058c360001','10','晶晨','002','fj002,jpg','contractProductAction_tocreate','1',11,'PCS',1,NULL,NULL,'contractProductAction_tocreate',10.00,10.00,1,'1',NULL),
('8a7e845158dc9da90158dc9f46be0000','8a7e845158dc48ec0158dc49ce140000','12','平遥远江','CP45454','01.png','erewr','1/2',10,'SETS',30,NULL,NULL,'  要求 ',30.00,900.00,546,'1',NULL),
('b8319753-abef-4fb9-b72d-ca5b2a913461','2c90c5004ad63735014ad6d204060005','1','升华','xx002',NULL,'真的','10.0',2,'PCS',1,NULL,NULL,'很不错',5.00,5.00,NULL,'1','传智播客教育股份有限公司'),
('ff80808160b5b3460160b5b4d5500000','8a7e84105823102a01582310fcd70000','13','平遥鸿艺','001','fj002,jpg','cproductcproductcproduct',NULL,11,'PCS',1,NULL,NULL,'cproductcproductcproduct',10.00,10.00,1,'1',NULL);

/*Table structure for table `co_export` */

DROP TABLE IF EXISTS `co_export`;

CREATE TABLE `co_export` (
  `id` varchar(40) NOT NULL,
  `input_date` datetime DEFAULT NULL,
  `contract_ids` varchar(200) DEFAULT NULL COMMENT 'ID集合串\\n            \\n            x,y,z',
  `customer_contract` varchar(200) DEFAULT NULL COMMENT '客户的合同号,可选择多个合同',
  `lcno` varchar(10) DEFAULT NULL COMMENT 'L/C T/T',
  `consignee` varchar(100) DEFAULT NULL,
  `marks` varchar(255) DEFAULT NULL,
  `shipment_port` varchar(100) DEFAULT NULL,
  `destination_port` varchar(100) DEFAULT NULL,
  `transport_mode` varchar(10) DEFAULT NULL COMMENT 'SEA/AIR',
  `price_condition` varchar(10) DEFAULT NULL COMMENT 'FBO/CIF',
  `remark` varchar(100) DEFAULT NULL,
  `box_nums` decimal(11,0) DEFAULT NULL COMMENT '冗余，为委托服务，一个报运的总箱数',
  `gross_weights` decimal(10,2) DEFAULT NULL COMMENT '冗余，为委托服务，一个报运的总毛重',
  `measurements` decimal(10,2) DEFAULT NULL,
  `state` decimal(11,0) DEFAULT NULL COMMENT '0-草稿 1-已上报 2-装箱 3-委托 4-发票 5-财务',
  `pro_num` int(11) DEFAULT NULL,
  `ext_num` int(11) DEFAULT NULL,
  `create_by` varchar(40) DEFAULT NULL,
  `create_dept` varchar(40) DEFAULT NULL,
  `create_time` datetime DEFAULT NULL,
  `company_id` varchar(40) DEFAULT NULL,
  `company_name` varchar(40) DEFAULT NULL,
  PRIMARY KEY (`id`)
) ENGINE=InnoDB DEFAULT CHARSET=utf8;

/*Data for the table `co_export` */

insert  into `co_export`(`id`,`input_date`,`contract_ids`,`customer_contract`,`lcno`,`consignee`,`marks`,`shipment_port`,`destination_port`,`transport_mode`,`price_condition`,`remark`,`box_nums`,`gross_weights`,`measurements`,`state`,`pro_num`,`ext_num`,`create_by`,`create_dept`,`create_time`,`company_id`,`company_name`) values 
('4028d3cf567275410156735276210001','2016-08-11 00:00:00','4028817a33812ffd013382048ff80024,4028817a33812ffd0133821a8eb5002b,4028817a33d4f8b40133d9878e88000d','11JK1082 11JK1084 11JK1070 ','JK2811','JK2888','JK2844','JK2822','JK2877','SEA33','JK2866','报运成功',12,12.00,12.00,2,18,5,NULL,NULL,NULL,'1',NULL),
('8a7e81015ad03e38015ad0408dbc0000','2017-03-01 00:00:00','4028817a3357462e01336d523195001a,4028817a33812ffd013382048ff80024','C/3847/11 11JK1082 ','ABCD0511','ABCD0588','ABCD0544','ABCD0522','ABCD0527','SEA33','FOB66','报运成功',12,1.00,1.00,2,10,1,NULL,NULL,NULL,'1',NULL),
('8a7e82766172fbf5016173ae10780000','2018-02-08 12:30:42','40288287616a411e01616ab546270006','cy001 ','299','299','299','299','299','299','299','299',299,299.00,299.00,0,2,1,NULL,NULL,NULL,'1',NULL),
('8a7e841959483bac0159483d2bc00000','2016-12-30 00:00:00','8a7e845158dc48ec0158dc49ce140000,4028817a3357462e0133591b86ec0002','C34543543 C/3817/11 ','EXPORT2321','EXPORT2328','EXPORT2324','EXPORT2322','EXPORT2327','SEA3','FOB6','申报成功',12,12.00,12.00,2,4,3,NULL,NULL,NULL,'1',NULL),
('8a7e843358372ad30158372f66aa0000','2016-11-06 00:00:00','4028817a3357462e0133591b86ec0002,4028817a3357462e01336cc0877b0010','C/3817/11 11JK1080 ','ABCE1','118','ABC14','112','ABC17','113','FOB16','申报成功',1,1.00,1.00,2,5,4,NULL,NULL,NULL,'1',NULL),
('8a7e843759b44c920159b4516bdb0000','2017-01-19 00:00:00','4028817a3357462e01336d3a0be10014, 4028817a33812ffd0133813f25940001, 2c90c5004ad63735014ad6d204060005',NULL,'JK41','JK41','JK41','JK41','JK41','SEA','FOB','JK41',1,1.00,1.00,0,35,17,NULL,NULL,NULL,'1',NULL),
('8a7e84635711a251015711da96e8003e','2016-09-12 00:00:00','8a7e878256fd4bd00156fdb0a8080004,4028817a33812ffd013382048ff80024','ABC 11JK1082 ','AJ0041','AJ0046','AJ0043','AJ0042','AJ0045','AIR','L/C','报运成功',12,12.00,12.00,2,3,3,NULL,NULL,NULL,'1',NULL);

/*Table structure for table `co_export_product` */

DROP TABLE IF EXISTS `co_export_product`;

CREATE TABLE `co_export_product` (
  `id` varchar(40) NOT NULL,
  `export_id` varchar(40) DEFAULT NULL,
  `factory_id` varchar(40) DEFAULT NULL,
  `product_no` varchar(50) DEFAULT NULL,
  `packing_unit` varchar(10) DEFAULT NULL COMMENT 'PCS/SETS',
  `cnumber` decimal(11,0) DEFAULT NULL,
  `box_num` decimal(11,0) DEFAULT NULL,
  `gross_weight` decimal(10,2) DEFAULT NULL,
  `net_weight` decimal(10,2) DEFAULT NULL,
  `size_length` decimal(10,2) DEFAULT NULL,
  `size_width` decimal(10,2) DEFAULT NULL,
  `size_height` decimal(10,2) DEFAULT NULL,
  `ex_price` decimal(10,2) DEFAULT NULL COMMENT 'sales confirmation 中的价格（手填）',
  `price` decimal(10,2) DEFAULT NULL,
  `tax` decimal(10,2) DEFAULT NULL COMMENT '收购单价=合同单价',
  `order_no` decimal(11,0) DEFAULT NULL,
  `company_id` varchar(40) DEFAULT NULL,
  `company_name` varchar(40) DEFAULT NULL,
  PRIMARY KEY (`id`),
  KEY `SYS_C005441` (`export_id`),
  KEY `SYS_C005442` (`factory_id`)
) ENGINE=InnoDB DEFAULT CHARSET=utf8;

/*Data for the table `co_export_product` */

insert  into `co_export_product`(`id`,`export_id`,`factory_id`,`product_no`,`packing_unit`,`cnumber`,`box_num`,`gross_weight`,`net_weight`,`size_length`,`size_width`,`size_height`,`ex_price`,`price`,`tax`,`order_no`,`company_id`,`company_name`) values 
('4028d3cf567275410156735276210002','4028d3cf567275410156735276210001','9','JK110102','PCS',1,1,7.00,NULL,NULL,NULL,NULL,NULL,10.00,10.40,3,NULL,NULL),
('4028d3cf567275410156735276210003','4028d3cf567275410156735276210001','2','JK169340/13076','PCS',1,1,NULL,NULL,NULL,NULL,NULL,NULL,36.00,10.80,8,NULL,NULL),
('4028d3cf567275410156735276220005','4028d3cf567275410156735276210001','1','JK1050068/11314','PCS',4,4,NULL,NULL,NULL,NULL,NULL,NULL,11.20,11.20,3,NULL,NULL),
('4028d3cf567275410156735276220006','4028d3cf567275410156735276210001','13','JK103134/11989','PCS',4,4,NULL,NULL,NULL,NULL,NULL,NULL,6.00,11.60,7,NULL,NULL),
('4028d3cf567275410156735276220007','4028d3cf567275410156735276210001','1','JK1050154/11308','PCS',4,4,NULL,NULL,5.00,NULL,55.00,NULL,7.50,12.00,2,NULL,NULL),
('4028d3cf567275410156735276220008','4028d3cf567275410156735276210001','2','JK1050317/12006','PCS',1,1,NULL,NULL,NULL,NULL,NULL,NULL,9.50,12.40,9,NULL,NULL),
('4028d3cf567275410156735276230009','4028d3cf567275410156735276210001','1','JK1050152/11306','PCS',4,4,NULL,2.00,NULL,NULL,NULL,2.00,8.50,12.80,1,NULL,NULL),
('4028d3cf56727541015673527623000a','4028d3cf567275410156735276210001','2','JK103233/11301','PCS',1,1,NULL,NULL,NULL,NULL,NULL,NULL,18.00,13.20,11,NULL,NULL),
('4028d3cf56727541015673527623000b','4028d3cf567275410156735276210001','9','JK110101','PCS',1,1,NULL,NULL,NULL,NULL,NULL,NULL,8.50,13.60,4,NULL,NULL),
('4028d3cf56727541015673527623000c','4028d3cf567275410156735276210001','13','JK103136/11988','PCS',4,4,NULL,NULL,NULL,NULL,NULL,NULL,6.30,14.00,5,NULL,NULL),
('4028d3cf56727541015673527624000d','4028d3cf567275410156735276210001','1','JK110101','PCS',1,1,NULL,NULL,3.00,NULL,3.00,NULL,22.00,14.40,1,NULL,NULL),
('4028d3cf56727541015673527624000e','4028d3cf567275410156735276210001','2','JK1050316/12005','PCS',1,1,NULL,NULL,NULL,NULL,NULL,NULL,12.50,14.80,10,NULL,NULL),
('4028d3cf56727541015673527624000f','4028d3cf567275410156735276210001','1','JK110102','PCS',1,1,NULL,6.00,NULL,NULL,NULL,6.00,32.00,15.20,2,NULL,NULL),
('4028d3cf567275410156735276240010','4028d3cf567275410156735276210001','1','20-37-266/JK1050164','PCS',1,1,NULL,NULL,NULL,NULL,NULL,NULL,13.00,15.60,3,NULL,NULL),
('4028d3cf567275410156735276250012','4028d3cf567275410156735276210001','1','20-37-264/JK1051087','PCS',1,1,1.00,NULL,NULL,NULL,NULL,NULL,9.50,16.00,1,NULL,NULL),
('4028d3cf567275410156735276250014','4028d3cf567275410156735276210001','2','JK1050201/12078','PCS',1,1,NULL,NULL,NULL,NULL,NULL,NULL,18.00,16.40,4,NULL,NULL),
('4028d3cf567275410156735276280016','4028d3cf567275410156735276210001','1','20-37-265/JK1050163','PCS',1,1,NULL,NULL,NULL,4.00,NULL,NULL,11.00,16.80,2,NULL,NULL),
('4028d3cf567275410156735276280018','4028d3cf567275410156735276210001','13','JK1060019/11990','PCS',4,4,NULL,NULL,NULL,NULL,NULL,NULL,5.00,17.20,6,NULL,NULL),
('8a7e81015ad03e38015ad0408dd10001','8a7e81015ad03e38015ad0408dbc0000','7','9748/6115','PCS',1,4,2.00,3.00,4.00,5.00,6.00,7.00,11.00,10.40,1,NULL,NULL),
('8a7e81015ad03e38015ad0408dd10002','8a7e81015ad03e38015ad0408dbc0000','7','9226/6116','PCS',1,4,1.00,2.00,3.00,NULL,NULL,NULL,11.00,10.80,8,NULL,NULL),
('8a7e81015ad03e38015ad0408dd20003','8a7e81015ad03e38015ad0408dbc0000','7','9749/6525','PCS',1,4,1.00,NULL,3.00,NULL,NULL,NULL,6.50,11.20,5,NULL,NULL),
('8a7e81015ad03e38015ad0408dd20004','8a7e81015ad03e38015ad0408dbc0000','7','9227/6092','PCS',1,4,NULL,NULL,3.00,NULL,5.00,6.00,11.00,11.60,6,NULL,NULL),
('8a7e81015ad03e38015ad0408dd20005','8a7e81015ad03e38015ad0408dbc0000','7','8708/6203','PCS',1,4,1.00,2.00,3.00,NULL,5.00,NULL,6.50,12.00,2,NULL,NULL),
('8a7e81015ad03e38015ad0408dd20006','8a7e81015ad03e38015ad0408dbc0000','7','9954/6309','PCS',1,4,NULL,NULL,3.00,NULL,NULL,NULL,11.50,12.40,9,NULL,NULL),
('8a7e81015ad03e38015ad0408dd30007','8a7e81015ad03e38015ad0408dbc0000','7','9956/6308','PCS',600,4,1.00,2.00,NULL,NULL,NULL,6.00,11.50,12.80,10,NULL,NULL),
('8a7e81015ad03e38015ad0408dd30008','8a7e81015ad03e38015ad0408dbc0000','7','8709/6204','PCS',1,4,NULL,NULL,3.00,NULL,NULL,NULL,6.50,13.20,4,NULL,NULL),
('8a7e81015ad03e38015ad0408dd30009','8a7e81015ad03e38015ad0408dbc0000','7','9955/6105','PCS',1,4,NULL,NULL,NULL,NULL,5.00,NULL,11.50,13.60,3,NULL,NULL),
('8a7e81015ad03e38015ad0408dd4000a','8a7e81015ad03e38015ad0408dbc0000','1','20-37-265/JK1050163','PCS',1,1,NULL,2.00,3.00,NULL,NULL,NULL,11.00,14.00,7,NULL,NULL),
('8a7e82766172fbf5016173ae108c0001','8a7e82766172fbf5016173ae10780000','12','001','PCS',1,11,NULL,NULL,NULL,NULL,NULL,NULL,10.00,NULL,1,NULL,NULL),
('8a7e82766172fbf5016173ae108d0003','8a7e82766172fbf5016173ae10780000','12','fj001','SETS',2,11,NULL,NULL,NULL,NULL,NULL,NULL,5.00,NULL,1,NULL,NULL),
('8a7e841959483bac0159483d2bd10001','8a7e841959483bac0159483d2bc00000','2','2964','PCS',144,1,1.00,NULL,NULL,NULL,NULL,NULL,24.00,10.80,1,NULL,NULL),
('8a7e841959483bac0159483d2bd20003','8a7e841959483bac0159483d2bc00000','2','2976','PCS',144,1,NULL,2.00,NULL,NULL,NULL,6.00,17.00,11.20,3,NULL,NULL),
('8a7e841959483bac0159483d2bd20006','8a7e841959483bac0159483d2bc00000','2','2977','PCS',144,1,NULL,NULL,3.00,NULL,5.00,NULL,17.00,10.40,4,NULL,NULL),
('8a7e841959483bac0159483d2bd20007','8a7e841959483bac0159483d2bc00000','12','CP45454','SETS',30,10,NULL,NULL,NULL,4.00,NULL,NULL,30.00,11.60,546,NULL,NULL),
('8a7e843358372ad30158372f66b40001','8a7e843358372ad30158372f66aa0000','2','2976','PCS',144,1,NULL,NULL,NULL,4.00,9.00,NULL,17.00,11.60,3,NULL,NULL),
('8a7e843358372ad30158372f66b50004','8a7e843358372ad30158372f66aa0000','2','2977','PCS',144,1,NULL,NULL,NULL,NULL,5.00,10.00,17.00,10.40,4,NULL,NULL),
('8a7e843358372ad30158372f66b50005','8a7e843358372ad30158372f66aa0000','2','2964','PCS',144,1,1.00,6.00,NULL,NULL,NULL,NULL,24.00,11.20,1,NULL,NULL),
('8a7e843358372ad30158372f66b60007','8a7e843358372ad30158372f66aa0000','3','JK1700011','PCS',504,24,NULL,2.00,7.00,NULL,NULL,NULL,4.60,12.00,1,NULL,NULL),
('8a7e843358372ad30158372f66b60008','8a7e843358372ad30158372f66aa0000','2','2965','PCS',144,1,NULL,NULL,3.00,8.00,NULL,NULL,17.00,10.80,2,NULL,NULL),
('8a7e843759b44c920159b4516be90001','8a7e843759b44c920159b4516bdb0000','7','8709','PCS',600,1,NULL,NULL,NULL,NULL,NULL,NULL,6.50,NULL,24,NULL,NULL),
('8a7e843759b44c920159b4516bea0002','8a7e843759b44c920159b4516bdb0000','2','8760','PCS',600,1,NULL,NULL,NULL,NULL,NULL,NULL,16.00,NULL,26,NULL,NULL),
('8a7e843759b44c920159b4516bea0003','8a7e843759b44c920159b4516bdb0000','2','9868','PCS',600,1,NULL,NULL,NULL,NULL,NULL,NULL,16.00,NULL,27,NULL,NULL),
('8a7e843759b44c920159b4516bea0004','8a7e843759b44c920159b4516bdb0000','4','5337','PCS',300,1,NULL,NULL,NULL,NULL,NULL,NULL,8.00,NULL,15,NULL,NULL),
('8a7e843759b44c920159b4516bea0006','8a7e843759b44c920159b4516bdb0000','2','5189','PCS',300,1,NULL,NULL,NULL,NULL,NULL,NULL,14.00,NULL,12,NULL,NULL),
('8a7e843759b44c920159b4516beb0007','8a7e843759b44c920159b4516bdb0000','4','4997','PCS',300,1,NULL,NULL,NULL,NULL,NULL,NULL,10.50,NULL,5,NULL,NULL),
('8a7e843759b44c920159b4516beb0009','8a7e843759b44c920159b4516bdb0000','4','4994','PCS',300,1,NULL,NULL,NULL,NULL,NULL,NULL,8.50,NULL,2,NULL,NULL),
('8a7e843759b44c920159b4516beb000b','8a7e843759b44c920159b4516bdb0000','4','4995','PCS',300,1,NULL,NULL,NULL,NULL,NULL,NULL,8.50,NULL,3,NULL,NULL),
('8a7e843759b44c920159b4516bec000d','8a7e843759b44c920159b4516bdb0000','2','600MA','PCS',600,1,NULL,NULL,NULL,NULL,NULL,NULL,18.00,NULL,17,NULL,NULL),
('8a7e843759b44c920159b4516bec000e','8a7e843759b44c920159b4516bdb0000','7','9749','PCS',304,4,NULL,NULL,NULL,NULL,NULL,NULL,6.50,NULL,29,NULL,NULL),
('8a7e843759b44c920159b4516bec000f','8a7e843759b44c920159b4516bdb0000','2','602MA','PCS',600,1,NULL,NULL,NULL,NULL,NULL,NULL,19.00,NULL,18,NULL,NULL),
('8a7e843759b44c920159b4516bec0010','8a7e843759b44c920159b4516bdb0000','2','5117','PCS',300,1,NULL,NULL,NULL,NULL,NULL,NULL,17.00,NULL,10,NULL,NULL),
('8a7e843759b44c920159b4516bed0012','8a7e843759b44c920159b4516bdb0000','7','JK1014003','PCS',1200,2,NULL,NULL,NULL,NULL,NULL,NULL,7.50,NULL,3,NULL,NULL),
('8a7e843759b44c920159b4516bed0014','8a7e843759b44c920159b4516bdb0000','4028817a33d4f8b40133d9989f5e0024','5095','PCS',300,1,NULL,NULL,NULL,NULL,NULL,NULL,14.00,NULL,8,NULL,NULL),
('8a7e843759b44c920159b4516bed0015','8a7e843759b44c920159b4516bdb0000','2','9869','PCS',600,1,NULL,NULL,NULL,NULL,NULL,NULL,16.00,NULL,28,NULL,NULL),
('8a7e843759b44c920159b4516bed0016','8a7e843759b44c920159b4516bdb0000','4','5400','PCS',300,1,NULL,NULL,NULL,NULL,NULL,NULL,11.50,NULL,16,NULL,NULL),
('8a7e843759b44c920159b4516bf10018','8a7e843759b44c920159b4516bdb0000','4','5336','PCS',300,1,NULL,NULL,NULL,NULL,NULL,NULL,8.00,NULL,14,NULL,NULL),
('8a7e843759b44c920159b4516bf2001a','8a7e843759b44c920159b4516bdb0000','2','843MA','PCS',600,1,NULL,NULL,NULL,NULL,NULL,NULL,16.00,NULL,21,NULL,NULL),
('8a7e843759b44c920159b4516bf2001b','8a7e843759b44c920159b4516bdb0000','4','4993','PCS',300,1,NULL,NULL,NULL,NULL,NULL,NULL,8.50,NULL,1,NULL,NULL),
('8a7e843759b44c920159b4516bf2001d','8a7e843759b44c920159b4516bdb0000','4','4996','PCS',300,1,NULL,NULL,NULL,NULL,NULL,NULL,10.50,NULL,4,NULL,NULL),
('8a7e843759b44c920159b4516bf3001f','8a7e843759b44c920159b4516bdb0000','2','844MA','PCS',600,1,NULL,NULL,NULL,NULL,NULL,NULL,16.00,NULL,22,NULL,NULL),
('8a7e843759b44c920159b4516bf30020','8a7e843759b44c920159b4516bdb0000','4','5331','PCS',300,1,NULL,NULL,NULL,NULL,NULL,NULL,11.50,NULL,13,NULL,NULL),
('8a7e843759b44c920159b4516bf30022','8a7e843759b44c920159b4516bdb0000','2','603MA','PCS',600,1,NULL,NULL,NULL,NULL,NULL,NULL,20.00,NULL,19,NULL,NULL),
('8a7e843759b44c920159b4516bf30023','8a7e843759b44c920159b4516bdb0000','7','9749','PCS',304,4,NULL,NULL,NULL,NULL,NULL,NULL,6.50,NULL,30,NULL,NULL),
('8a7e843759b44c920159b4516bf30024','8a7e843759b44c920159b4516bdb0000','2','5118','PCS',300,1,NULL,NULL,NULL,NULL,NULL,NULL,16.00,NULL,11,NULL,NULL),
('8a7e843759b44c920159b4516bf40026','8a7e843759b44c920159b4516bdb0000','4','4998','PCS',300,1,NULL,NULL,NULL,NULL,NULL,NULL,10.50,NULL,6,NULL,NULL),
('8a7e843759b44c920159b4516bf40028','8a7e843759b44c920159b4516bdb0000','2','8759','PCS',600,1,NULL,NULL,NULL,NULL,NULL,NULL,15.00,NULL,25,NULL,NULL),
('8a7e843759b44c920159b4516bf40029','8a7e843759b44c920159b4516bdb0000','1','JK1014005','PCS',1800,4,NULL,NULL,NULL,NULL,NULL,NULL,5.30,NULL,4,NULL,NULL),
('8a7e843759b44c920159b4516bf4002b','8a7e843759b44c920159b4516bdb0000','4028817a33d4f8b40133d9989f5e0024','5094','PCS',300,1,NULL,NULL,NULL,NULL,NULL,NULL,14.50,NULL,7,NULL,NULL),
('8a7e843759b44c920159b4516bf5002c','8a7e843759b44c920159b4516bdb0000','1','JK1014001','PCS',1000,1,NULL,NULL,NULL,NULL,NULL,NULL,16.50,NULL,2,NULL,NULL),
('8a7e843759b44c920159b4516bf5002e','8a7e843759b44c920159b4516bdb0000','7','9749','PCS',304,4,NULL,NULL,NULL,NULL,NULL,NULL,6.50,NULL,31,NULL,NULL),
('8a7e843759b44c920159b4516bf5002f','8a7e843759b44c920159b4516bdb0000','1','JK1080766-3','PCS',1800,3,NULL,NULL,NULL,NULL,NULL,NULL,5.30,NULL,1,NULL,NULL),
('8a7e843759b44c920159b4516bf70031','8a7e843759b44c920159b4516bdb0000','7','5099','PCS',300,1,NULL,NULL,NULL,NULL,NULL,NULL,11.00,NULL,9,NULL,NULL),
('8a7e843759b44c920159b4516bf70032','8a7e843759b44c920159b4516bdb0000','2','6998','PCS',300,1,NULL,NULL,NULL,NULL,NULL,NULL,19.00,NULL,20,NULL,NULL),
('8a7e843759b44c920159b4516bf70034','8a7e843759b44c920159b4516bdb0000','7','8708','PCS',600,1,NULL,NULL,NULL,NULL,NULL,NULL,6.50,NULL,23,NULL,NULL),
('8a7e84635711a251015711da96e8003f','8a7e84635711a251015711da96e8003e','1','20-37-264/JK1051087','PCS',1200,1,1.00,2.00,NULL,NULL,5.00,9.00,9.50,10.40,1,NULL,NULL),
('8a7e84635711a251015711da96e90041','8a7e84635711a251015711da96e8003e','12','CP1002','SETS',10,5,NULL,NULL,3.00,7.00,NULL,NULL,30.00,10.80,546,NULL,NULL),
('8a7e84635711a251015711da96ea0043','8a7e84635711a251015711da96e8003e','1','20-37-265/JK1050163','PCS',1200,1,NULL,2.00,NULL,4.00,8.00,NULL,11.00,11.20,2,NULL,NULL);

/*Table structure for table `co_ext_cproduct` */

DROP TABLE IF EXISTS `co_ext_cproduct`;

CREATE TABLE `co_ext_cproduct` (
  `id` varchar(40) NOT NULL,
  `contract_product_id` varchar(40) DEFAULT NULL,
  `contract_id` varchar(40) DEFAULT NULL COMMENT '购销合同id',
  `factory_id` varchar(40) DEFAULT NULL,
  `factory_name` varchar(200) DEFAULT NULL,
  `product_no` varchar(50) DEFAULT NULL,
  `product_image` varchar(200) DEFAULT NULL,
  `product_desc` varchar(255) DEFAULT NULL,
  `packing_unit` varchar(10) DEFAULT NULL COMMENT 'PCS/SETS',
  `cnumber` decimal(11,0) DEFAULT NULL,
  `price` decimal(10,2) DEFAULT NULL,
  `amount` decimal(10,2) DEFAULT NULL COMMENT '自动计算: 数量x单价',
  `product_request` text,
  `order_no` decimal(11,0) DEFAULT NULL,
  `company_id` varchar(40) DEFAULT NULL,
  `company_name` varchar(40) DEFAULT NULL,
  PRIMARY KEY (`id`),
  KEY `SYS_C005445` (`contract_product_id`),
  KEY `SYS_C005446` (`factory_id`)
) ENGINE=InnoDB DEFAULT CHARSET=utf8;

/*Data for the table `co_ext_cproduct` */

insert  into `co_ext_cproduct`(`id`,`contract_product_id`,`contract_id`,`factory_id`,`factory_name`,`product_no`,`product_image`,`product_desc`,`packing_unit`,`cnumber`,`price`,`amount`,`product_request`,`order_no`,`company_id`,`company_name`) values 
('238e78fd-4bdb-4381-bb63-8c1e425c0160','42b8eaa7-c7d2-40e0-8727-e90cb209abae','2c90c5004ad63735014ad6d204060005','4028817a33de41d80133e982a18a001c','太谷PVC','002','http://${qiniu.rtValue}','2','2',2,12.00,24.00,'2',2,NULL,NULL),
('33b947c7-8652-47c0-a52f-dd78277452a0','42b8eaa7-c7d2-40e0-8727-e90cb209abae','2c90c5004ad63735014ad6d204060005','4028817a389cc7b701389d1efd940001','宇虹包装厂','001','http://${qiniu.rtValue}','1','1',2,1.00,2.00,'xxxxx',1,NULL,NULL),
('4028817a3357462e013359291f640009','4028817a3357462e0133592355750006','4028817a3357462e0133591b86ec0002','16','康达','2976','undefined','彩盒，新菲林\\r\\n配明料糖缸带盖子\\r\\n彩盒尺寸：25.7X25.7X35.7CM','PCS',144,3.90,561.60,'1.彩盒要求350克面纸；\\r\\n2.工厂待用安全包装，待我司运至工厂；\\r\\n3.工厂免费提供1%余量，以防划伤，破损；\\r\\n4.交期:2011年11月05日。',4,NULL,NULL),
('4028817a3357462e013359291f64000a','4028817a3357462e0133592355750006','4028817a3357462e0133591b86ec0002','16','康达','2976','undefined','彩盒，新菲林\\r\\n配全明料糖缸带盖子\\r\\n彩盒尺寸：21.5X21.5X41CM','PCS',144,3.30,475.20,'1.彩盒要求350克面纸；\\r\\n2.工厂待用安全包装，待我司运至工厂；\\r\\n3.工厂免费提供1%余量，以防划伤，破损；\\r\\n4.交期:2011年11月05日。',3,NULL,NULL),
('4028817a33812ffd0133820c0a460029','4028817a33812ffd013382048ff80026','4028817a33812ffd013382048ff80024','19','综艺花纸','20-37-265/JK1050163','1af851ab-98ff-4227-ba39-1175dca33c6f.png','蒙砂白花纸\\r\\n配全明料蛋糕罩\\r\\n\\r\\n送祁县宏艺厂','PCS',1200,0.38,456.00,'1.产品的颜色、造型、尺寸、重量务必同我司封样一致；\\r\\n2.工厂免费提供2% 余量，以防损耗，代用包装送至指定工厂；请在外包装上注明相对应的合同号及货号；\\r\\n3.交期:2011\n\n年12月05日；',2,NULL,NULL),
('4028817a33d4f8b40133d994c45e0022','4028817a33d4f8b40133d9878e880016','4028817a33d4f8b40133d9878e88000d','19','综艺花纸','JK1050201/12078',NULL,'蒙砂白花纸\\r\\n烤在蛋糕罩上\\r\\n送祁县光华厂','PCS',204,0.80,163.20,'1.产品的颜色、造型、尺寸、务必同我司提供的样稿一致；\\r\\n2.工厂免费提供2% 余量，以防损耗，代用包装送至指定工厂；请在外包装上注明相对应的合同号及货号；\\r\\n3.交\n\n期:2011年11月20日送指定工厂。',1,NULL,NULL),
('4028817a33ecdbf70133edfc84d40001','4028817a3357462e01336d3a0be10018','4028817a3357462e01336d3a0be10014','19','综艺花纸','JK1014005','94d2d773-24b6-412e-b0e3-0fc9dddf0955.png','低温鱼花纸\\r\\n明料低口杯\\r\\n祁县宏艺厂','PCS',1800,1.20,2160.00,'1.产品的颜色、造型、尺寸、务必同提供的样品一致；\\r\\n2.工厂免费提供2% 余量，以防损耗，代用包装送至指定工厂；请在外包装上注明相对应的合同号及货号；\\r\\n3.交期:2011年\n\n12月10；',4,NULL,NULL),
('4028817a33ecdbf70133edfc84e40002','4028817a3357462e01336d3a0be10019','4028817a3357462e01336d3a0be10014','19','综艺花纸','JK1080766-3','29bb909d-d527-475d-bfbe-e5e05a02349c.png','套3白花纸\\r\\n\\r\\n送祁县宏艺厂','SETS',600,0.60,360.00,'1.产品的颜色、造型、尺寸、务必同提供的样品一致；\\r\\n2.工厂免费提供2% 余量，以防损耗，代用包装送至指定工厂；请在外包装上注明相对应的合同号及货号；\\r\\n3.交期:2011年\n\n12月10；',1,NULL,NULL),
('4028817a33ecdbf70133edfc84e40004','4028817a3357462e01336d3a0be10016','4028817a3357462e01336d3a0be10014','19','综艺花纸','JK1014001','7a3d341f-f473-44ce-9bd4-c7f2b87343ca.png','低温鱼花纸\\r\\n明料大碗\\r\\n送祁县宏艺厂','PCS',1000,2.40,2400.00,'1.产品的颜色、造型、尺寸、务必同提供的样品一致；\\r\\n2.工厂免费提供2% 余量，以防损耗，代用包装送至指定工厂；请在外包装上注明相对应的合同号及货号；\\r\\n3.交期:2011年\n\n12月10；',2,NULL,NULL),
('4028817a33ecdbf70133edfc84e40005','4028817a3357462e01336d3a0be10015','4028817a3357462e01336d3a0be10014','19','综艺花纸','JK1014003','73980c53-44f6-4232-8c04-9d08a66eeccb.png','低温鱼花纸\\r\\n明料盘子\\r\\n\\r\\n送祁县天顺厂','PCS',1200,3.80,4560.00,'1.产品的颜色、造型、尺寸、务必同提供的样品一致；\\r\\n2.工厂免费提供2% 余量，以防损耗，代用包装送至指定工厂；请在外包装上注明相对应的合同号及货号；\\r\\n3.交期:2011年\n\n12月10；',3,NULL,NULL),
('4028817a33fc4e280133fcdff5490011','4028817a33fc4e280133fcdb13f40010','4028817a33d4f8b40133d9bea39b002f','19','综艺花纸','JK046/JK1050201','undefined','蒙砂白花纸\\r\\n烤在蛋糕罩子上\\r\\n送祁县光华厂','PCS',600,0.80,480.00,'1.产品的颜色、造型、尺寸、重量务必同我司封样一致；\\r\\n2.工厂免费提供2% 余量，以防损耗，代用包装送至指定工厂；请在外包装上注明相对应的合同号及货号；\\r\\n3.交期:2011\n\n年11月15日；',3,NULL,NULL),
('4028817a33fc4e280133fcdff5490012','4028817a33d4f8b40133d9bea39b0032','4028817a33d4f8b40133d9bea39b002f','20','喜福来','JK1050807/JK033',NULL,'套6全明料酒杯\\r\\n杯碗电镀渐变色，挺底电镀\\r\\n尺寸：8X24CM高','SETS',300,21.00,6300.00,'★   产品与封样无明显差异，唛头、标签及包装质量务必符合公司要求。 \\r\\n ★★  产品生产前期、中期、后期抽验率不得少于10%，质量和封样一致， \\r\\n       并将验货照片传\n\n回公司。 \\r\\n★★★ 重点客人的质量标准检验，产品抽验率不得少于50%，务必做到入箱前检查。 \\r\\n 交期：2011年12月15日/工厂。                          没有经过我司同意无故\n\n延期交货造成严重后果的，按照客人的相关要求处理。 \\r\\n 开票：出货后请将增值税发票、验货报告、合同复印件及出库单一并寄至我司，以便我司安排付款。',2,NULL,NULL),
('4028817a33fc4e280133fcdff5490013','4028817a33d4f8b40133d9bea39b0030','4028817a33d4f8b40133d9bea39b002f','20','喜福来','JK1050806/JK032',NULL,'套6全明料香槟杯\\r\\n杯碗电镀渐变色，挺底电镀\\r\\n尺寸：5.7X25CM高','SETS',320,21.00,6720.00,'★   产品与封样无明显差异，唛头、标签及包装质量务必符合公司要求。 \\r\\n ★★  产品生产前期、中期、后期抽验率不得少于10%，质量和封样一致， \\r\\n       并将验货照片传\n\n回公司。 \\r\\n★★★ 重点客人的质量标准检验，产品抽验率不得少于50%，务必做到入箱前检查。 \\r\\n 交期：2011年12月15日/工厂。                          没有经过我司同意无故\n\n延期交货造成严重后果的，按照客人的相关要求处理。 \\r\\n 开票：出货后请将增值税发票、验货报告、合同复印件及出库单一并寄至我司，以便我司安排付款。',1,NULL,NULL),
('4028817a33fc4e280133fd906b0d0029','4028817a33fc4e280133fd81e7d70027','4028817a33fc4e280133fd81e7d7001d','19','综艺花纸','JK1040009/141760',NULL,'白色字母花纸 \\r\\n送祁县宏艺厂','PCS',300,0.90,270.00,'1.产品的颜色、造型、尺寸、重量务必同我司封样一致；\\r\\n2.工厂免费提供2% 余量，以防损耗，代用包装送至指定工厂；请在外包装上注明相对应的合同号及货号；\\r\\n3.交期:2011\n\n年11月25日；',3,NULL,NULL),
('4028817a33fc4e280133fd906b0d002a','4028817a33fc4e280133fd81e7d7001f','4028817a33fc4e280133fd81e7d7001d','19','综艺花纸','J859102682/113860',NULL,'白色字母花纸\\r\\nSTORAGE ONLY\\r\\n祁县宏艺厂','PCS',300,0.40,120.00,'1.产品的颜色、造型、尺寸、重量务必同我司封样一致；\\r\\n2.工厂免费提供2% 余量，以防损耗，代用包装送至指定工厂；请在外包装上注明相对应的合同号及货号；\\r\\n3.交期:2011\n\n年11月25日；',1,NULL,NULL),
('4028817a33fc4e280133fd906b0d002b','4028817a33fc4e280133fd81e7d70026','4028817a33fc4e280133fd81e7d7001d','19','综艺花纸','JK10501218/160380',NULL,'白\n\n色字母花纸 \\r\\n送祁县宏艺厂','PCS',600,0.40,240.00,'1.产品的颜色、造型、尺寸、重量务必同我司封样一致；\\r\\n2.工厂免费提供2% 余量，以防损耗，代用包装送至指定工厂；请在外包装上注明相对应的合同号及货号；\\r\\n3.交期:2011\n\n年11月25日；',4,NULL,NULL),
('4028817a33fc4e280133fd906b0d002c','4028817a33fc4e280133fd81e7d70021','4028817a33fc4e280133fd81e7d7001d','19','综艺花纸','123540',NULL,'白色字母花纸(HIGH TEA)\\r\\n字体：ENGLISH SCRIPT\\r\\n尺寸：18X5.5CM\\r\\n祁县光华厂','PCS',100,0.30,30.00,'1.产品的颜色、造型、尺寸、重量务必同我司封样一致；\\r\\n2.工厂免费提供2% 余量，以防损耗，代用包装送至指定工厂；请在外包装上注明相对应的合同号及货号；\\r\\n3.交期:2011\n\n年11月25日；',5,NULL,NULL),
('4028817a33fc4e280133fd906b0d002d','4028817a33fc4e280133fd81e7d70022','4028817a33fc4e280133fd81e7d7001d','19','综艺花纸','JK1052446/158080',NULL,'白色字母花纸\\r\\n\\r\\n \\r\\n祁县会龙厂','PCS',702,0.25,175.50,'1.产品的颜色、造型、尺寸、重量务必同我司封样一致；\\r\\n2.工厂免费提供2% 余量，以防损耗，代用包装送至指定工厂；请在外包装上注明相对应的合同号及货号；\\r\\n3.交期:2011\n\n年11月25日；',2,NULL,NULL),
('4028817a33fc4e280133fd906b0d002e','4028817a33fc4e280133fd81e7d7001e','4028817a33fc4e280133fd81e7d7001d','19','综艺花纸','169280','undefined','白色字母花纸(HIGH TEA)\\r\\n字体：ENGLISH SCRIPT\\r\\n尺寸：18X5.5CM\\r\\n祁县光华厂','PCS',100,0.30,30.00,'1.产品的颜色、造型、尺寸、重量务必同我司封样一致；\\r\\n2.工厂免费提供2% 余量，以防损耗，代用包装送至指定工厂；请在外包装上注明相对应的合同号及货号；\\r\\n3.交期:2011\n\n年11月25日；',6,NULL,NULL),
('4028817a33fc4e280133fded2e6d0040','4028817a33fc4e280133fde6504f0039','4028817a33fc4e280133fd9f8b4e002f','19','综艺花纸','JK169340/13076','undefined','蒙砂白花纸\\r\\n\\\"烤在蛋糕罩子上(25X26CM)\\r\\n\\\"\\r\\n祁县光华厂','PCS',200,1.02,204.00,'1.产品的颜色、造型、尺寸、重量务必同我司封样一致；\\r\\n2.工厂免费提供2% 余量，以防损耗，代用包装送至指定工厂；请在外包装上注明相对应的合同号及货号；\\r\\n3.交期:2011\n\n年11月20日',4,NULL,NULL),
('4028817a33fc4e280133fded2e6d0041','4028817a33fc4e280133fde6504f0038','4028817a33fc4e280133fd9f8b4e002f','19','综艺花纸','JK1050198/12860','undefined','蒙砂白花纸\\r\\n烤在红酒杯（11X19CM)上\\r\\n送平遥鸿艺','PCS',400,0.49,196.00,'1.产品的颜色、造型、尺寸、重量务必同我司封样一致；\\r\\n2.工厂免费提供2% 余量，以防损耗，代用包装送至指定工厂；请在外包装上注明相对应的合同号及货号；\\r\\n3.交期:2011\n\n年11月20日',3,NULL,NULL),
('4028817a33fc4e280133fded2e6d0042','4028817a33fc4e280133fde6504f003c','4028817a33fc4e280133fd9f8b4e002f','19','综艺花纸','JK1050195/12859','undefined','蒙砂白花纸\\r\\n烤在香槟杯(8X21CM)上\\r\\n送平遥鸿艺','PCS',400,0.40,160.00,'1.产品的颜色、造型、尺寸、重量务必同我司封样一致；\\r\\n2.工厂免费提供2% 余量，以防损耗，代用包装送至指定工厂；请在外包装上注明相对应的合同号及货号；\\r\\n3.交期:2011\n\n年11月20日',2,NULL,NULL),
('4028817a33fc4e280133fded2e6d0043','4028817a33fc4e280133fde6504f0037','4028817a33fc4e280133fd9f8b4e002f','19','综艺花纸','JK1050201/12078',NULL,'蒙砂白花纸\\r\\n烤在蛋糕罩子上\\r\\n祁县光华厂','PCS',402,0.80,321.60,'1.产品的颜色、造型、尺寸、重量务必同我司封样一致；\\r\\n2.工厂免费提供2% 余量，以防损耗，代用包装送至指定工厂；请在外包装上注明相对应的合同号及货号；\\r\\n3.交期:2011\n\n年11月20日；',1,NULL,NULL),
('4028817a343a5c9101343a6fd3200001','4028817a33812ffd0133816aacd40019','4028817a33812ffd0133813f25940001','22','瑞成','4998','undefined','全明料死模风灯 ，电镀花银喷紫色\\r\\n尺寸：11.5X30.5CM','PCS',300,1.70,510.00,'★   产品与封样无明显差异，唛头、标签及包装质量务必符合公司要求。 \\r\\n ★★  产品生产前期、中期、后期抽验率不得少于10%，质量和封样一致， \\r\\n       并将验货照片传\n\n回公司。 \\r\\n★★★ 重点客人的质量标准检验，产品抽验率不得少于50%，务必做到入箱前检查。 \\r\\n 交期：2012年1月10日/工厂。\\r\\n       没有经过我司同意无故延期交货造成严重\n\n后果的，按照客人的相关要求处理。 \\r\\n 开票：出货后请将增值税发票、验货报告、合同复印件及出库单一并寄至我司，以便我司安排付款。',6,NULL,NULL),
('4028817a343a5c9101343a6fd35f0002','4028817a33812ffd0133816aacd40017','4028817a33812ffd0133813f25940001','19','综艺花纸','5117','undefined','白金字母花纸\\r\\nSWEETS\\r\\n送祁县光华厂','PCS',300,3.00,900.00,'1.产品的颜色、造型、尺寸、重量务必同我司封样一致；\\r\\n2.工厂免费提供2% 余量，以防损耗，代用包装送至指定工厂；请在外包装上注明相对应的合同号及货号；\\r\\n3.交期:2011\n\n年11月30日；',12,NULL,NULL),
('4028817a343a5c9101343a6fd35f0003','4028817a33812ffd0133813f25a30002','4028817a33812ffd0133813f25940001','22','瑞成','4993',NULL,'全明料死模风灯，电镀花银喷绿色\\r\\n尺寸：11.5X20.3CM\\r\\n毛坯1月25日送','PCS',300,1.70,510.00,'★   产品与封样无明显差异，唛头、标签及包装质量务必符合公司要求。 \\r\\n ★★  产品生产前期、中期、后期抽验率不得少于10%，质量和封样一致， \\r\\n       并将验货照片传\n\n回公司。 \\r\\n★★★ 重点客人的质量标准检验，产品抽验率不得少于50%，务必做到入箱前检查。 \\r\\n 交期：2012年1月10日/工厂。\\r\\n       没有经过我司同意无故延期交货造成严重\n\n后果的，按照客人的相关要求处理。 \\r\\n 开票：出货后请将增值税发票、验货报告、合同复印件及出库单一并寄至我司，以便我司安排付款。',1,NULL,NULL),
('4028817a343a5c9101343a6fd35f0004','4028817a33812ffd0133816aacd40018','4028817a33812ffd0133813f25940001','22','瑞成','5400','undefined','全明料死模风灯，电镀花银喷蓝色\\r\\n尺寸：17X23CM高','PCS',300,3.50,1050.00,'★   产品与封样无明显差异，唛头、标签及包装质量务必符合公司要求。 \\r\\n ★★  产品生产前期、中期、后期抽验率不得少于10%，质量和封样一致， \\r\\n       并将验货照片传\n\n回公司。 \\r\\n★★★ 重点客人的质量标准检验，产品抽验率不得少于50%，务必做到入箱前检查。 \\r\\n 交期：2012年1月10日/工厂。\\r\\n       没有经过我司同意无故延期交货造成严重\n\n后果的，按照客人的相关要求处理。 \\r\\n 开票：出货后请将增值税发票、验货报告、合同复印件及出库单一并寄至我司，以便我司安排付款。',10,NULL,NULL),
('4028817a343a5c9101343a6fd35f0005','4028817a33812ffd0133816aacd4000d','4028817a33812ffd0133813f25940001','22','瑞成','4996','undefined','全明料死模风灯，电镀花银喷绿色\\r\\n尺寸：11.5X30.5CM高','PCS',300,1.70,510.00,'★   产品与封样无明显差异，唛头、标签及包装质量务必符合公司要求。 \\r\\n ★★  产品生产前期、中期、后期抽验率不得少于10%，质量和封样一致， \\r\\n       并将验货照片传\n\n回公司。 \\r\\n★★★ 重点客人的质量标准检验，产品抽验率不得少于50%，务必做到入箱前检查。 \\r\\n 交期：2012年1月10日/工厂。\\r\\n       没有经过我司同意无故延期交货造成严重\n\n后果的，按照客人的相关要求处理。 \\r\\n 开票：出货后请将增值税发票、验货报告、合同复印件及出库单一并寄至我司，以便我司安排付款。',4,NULL,NULL),
('4028817a343a5c9101343a6fd35f0006','4028817a33812ffd0133816aacd40014','4028817a33812ffd0133813f25940001','22','瑞成','5336',NULL,'全明料死模风灯，电镀花银喷绿色\\r\\n尺寸：14.5X20CM高','PCS',300,2.00,600.00,'★   产品与封样无明显差异，唛头、标签及包装质量务必符合公司要求。 \\r\\n ★★  产品生产前期、中期、后期抽验率不得少于10%，质量和封样一致，\\r\\n       并将验货照片传回\n\n公司。 \\r\\n★★★ 重点客人的质量标准检验，产品抽验率不得少于50%，务必做到入箱前检查。 \\r\\n 交期：2012年1月10日/工厂。\\r\\n       没有经过我司同意无故延期交货造成严重后\n\n果的，按照客人的相关要求处理。 \\r\\n 开票：出货后请将增值税发票、验货报告、合同复印件及出库单一并寄至我司，以便我司安排付款。',8,NULL,NULL),
('4028817a343a5c9101343a6fd35f0007','4028817a33812ffd0133813f25a30003','4028817a33812ffd0133813f25940001','22','瑞成','4994','undefined','全明料死模风灯，电镀花银喷蓝色\\r\\n尺寸：11.5X20.3CM高','PCS',300,1.70,510.00,'★   产品与封样无明显差异，唛头、标签及包装质量务必符合公司要求。 \\r\\n ★★  产品生产前期、中期、后期抽验率不得少于10%，质量和封样一致， \\r\\n       并将验货照片传\n\n回公司。 \\r\\n★★★ 重点客人的质量标准检验，产品抽验率不得少于50%，务必做到入箱前检查。 \\r\\n 交期：2012年1月10日/工厂。\\r\\n       没有经过我司同意无故延期交货造成严重\n\n后果的，按照客人的相关要求处理。 \\r\\n 开票：出货后请将增值税发票、验货报告、合同复印件及出库单一并寄至我司，以便我司安排付款。',2,NULL,NULL),
('4028817a343a5c9101343a6fd35f0008','4028817a33812ffd0133816aacd40011','4028817a33812ffd0133813f25940001','20','喜福来','6998',NULL,'全明料蛋糕盘，盘沿电镀\\r\\n尺寸：6-1/2\\\"X12-1/2\\\"高','PCS',300,6.00,1800.00,'★   产品与封样无明显差异，唛头、标签及包装质量务必符合公司要求。 \\r\\n ★★  产品生产前期、中期、后期抽验率不得少于10%，质量和封样一致， \\r\\n       并将验货照片传\n\n回公司。 \\r\\n★★★ 重点客人的质量标准检验，产品抽验率不得少于50%，务必做到入箱前检查。 \\r\\n 交期：2012年1月10日/工厂。\\r\\n       没有经过我司同意无故延期交货造成严重\n\n后果的，按照客人的相关要求处理。 \\r\\n 开票：出货后请将增值税发票、验货报告、合同复印件及出库单一并寄至我司，以便我司安排付款。',11,NULL,NULL),
('4028817a343a5c9101343a6fd35f0009','4028817a33812ffd0133816aacd4000c','4028817a33812ffd0133813f25940001','22','瑞成','4997',NULL,'全明料死模风灯，电镀花银喷蓝色\\r\\n尺寸：11.5X30.5CM高','PCS',300,1.70,510.00,'★   产品与封样无明显差异，唛头、标签及包装质量务必符合公司要求。 \\r\\n ★★  产品生产前期、中期、后期抽验率不得少于10%，质量和封样一致， \\r\\n       并将验货照片传\n\n回公司。 \\r\\n★★★ 重点客人的质量标准检验，产品抽验率不得少于50%，务必做到入箱前检查。 \\r\\n 交期：2012年1月10日/工厂。\\r\\n       没有经过我司同意无故延期交货造成严重\n\n后果的，按照客人的相关要求处理。 \\r\\n 开票：出货后请将增值税发票、验货报告、合同复印件及出库单一并寄至我司，以便我司安排付款。',5,NULL,NULL),
('4028817a343a5c9101343a6fd35f000a','4028817a33812ffd0133816aacd40012','4028817a33812ffd0133813f25940001','19','综艺花纸','5118','undefined','白金字母花纸\\r\\nSWEETS\\r\\n送祁县光华厂','PCS',600,3.00,1800.00,'1.产品的颜色、造型、尺寸、重量务必同我司封样一致；\\r\\n2.工厂免费提供2% 余量，以防损耗，代用包装送至指定工厂；请在外包装上注明相对应的合同号及货号；\\r\\n3.交期:2011\n\n年11月30日；',13,NULL,NULL),
('4028817a343a5c9101343a6fd35f000b','4028817a33812ffd0133816aacd40015','4028817a33812ffd0133813f25940001','22','瑞成','5337',NULL,'全明料死模风灯，电镀花银喷蓝色\\r\\n尺寸：14.5X20CM高','PCS',300,2.00,600.00,'★   产品与封样无明显差异，唛头、标签及包装质量务必符合公司要求。 \\r\\n ★★  产品生产前期、中期、后期抽验率不得少于10%，质量和封样一致， \\r\\n       并将验货照片传\n\n回公司。 \\r\\n★★★ 重点客人的质量标准检验，产品抽验率不得少于50%，务必做到入箱前检查。 \\r\\n 交期：2012年1月10日/工厂。\\r\\n       没有经过我司同意无故延期交货造成严重\n\n后果的，按照客人的相关要求处理。 \\r\\n 开票：出货后请将增值税发票、验货报告、合同复印件及出库单一并寄至我司，以便我司安排付款。',9,NULL,NULL),
('4028817a343a5c9101343a6fd35f000c','4028817a33812ffd0133816aacc40009','4028817a33812ffd0133813f25940001','22','瑞成','5331','undefined','全明料死模风灯，电镀花银喷绿色\\r\\n尺寸：17X23CM高','PCS',300,3.50,1050.00,'★   产品与封样无明显差异，唛头、标签及包装质量务必符合公司要求。 \\r\\n ★★  产品生产前期、中期、后期抽验率不得少于10%，质量和封样一致， \\r\\n       并将验货照片传\n\n回公司。 \\r\\n★★★ 重点客人的质量标准检验，产品抽验率不得少于50%，务必做到入箱前检查。 \\r\\n 交期：2012年1月10日/工厂。\\r\\n       没有经过我司同意无故延期交货造成严重\n\n后果的，按照客人的相关要求处理。 \\r\\n 开票：出货后请将增值税发票、验货报告、合同复印件及出库单一并寄至我司，以便我司安排付款。',7,NULL,NULL),
('4028817a343a5c9101343a6fd35f000d','4028817a33812ffd0133813f25a30004','4028817a33812ffd0133813f25940001','22','瑞成','4995','undefined','全明料死模风灯，电镀花银喷紫色\\r\\n尺寸：11.5X20.3CM','PCS',300,1.70,510.00,'★   产品与封样无明显差异，唛头、标签及包装质量务必符合公司要求。 \\r\\n ★★  产品生产前期、中期、后期抽验率不得少于10%，质量和封样一致， \\r\\n       并将验货照片传\n\n回公司。 \\r\\n★★★ 重点客人的质量标准检验，产品抽验率不得少于50%，务必做到入箱前检查。 \\r\\n 交期：2012年1月10日/工厂。\\r\\n       没有经过我司同意无故延期交货造成严重\n\n后果的，按照客人的相关要求处理。 \\r\\n 开票：出货后请将增值税发票、验货报告、合同复印件及出库单一并寄至我司，以便我司安排付款。',3,NULL,NULL),
('4028817a353b8d8e01353cad7b730023','4028817a3420e78a013421a693820007','4028817a3420e78a013421a693730001','19','综艺花纸','5117','undefined','白金字母花纸\\r\\nSWEETS\\r\\n送祁县光华厂','PCS',300,3.00,900.00,'1.产品的颜色、造型、尺寸、重量务必同我司封样一致；\\r\\n2.工厂免费提供2% 余量，以防损耗，代用包装送至指定工厂；请在外包装上注明相对应的合同号及货号；\\r\\n3.交期:2012\n\n年1月15日。',11,NULL,NULL),
('4028817a353b8d8e01353cad7b730024','4028817a3420e78a013421e2e3c1001a','4028817a3420e78a013421a693730001','4028817a33ecdbf70133ee202e49000b','瑞成电镀厂','5337','e877a4e2-2e48-4b06-91a8-3fb64f150a0f.jpg','全明料死模风灯，电镀花银喷蓝色      \\r\\n尺寸：14.5X20CM高      \\r\\n1只/五层内盒      12只/大箱      \\r\\n毛坯1月30日送','PCS',300,3.00,900.00,'★   产品与封样无明显差异，唛头、标签及包装质量务必符合公司要求。 \\r\\n ★★  产品生产前期、中期、后期抽验率不得少于10%，质量和封样一致， \\r\\n       并将验货照片传\n\n回公司。 \\r\\n★★★ 重点客人的质量标准检验，产品抽验率不得少于50%，务必做到入箱前检查。 \\r\\n 交期：2012年2月15日/工厂。       没有经过我司同意无故延期交货造成严重后果\n\n的，按照客人的相关要求处理。 \\r\\n 开票：出货后请将增值税发票、验货报告、合同复印件及出库单一并寄至我司，以便我司安排付款。',9,NULL,NULL),
('4028817a353b8d8e01353cad7b730027','4028817a3420e78a013421a693820002','4028817a3420e78a013421a693730001','4028817a33ecdbf70133ee202e49000b','瑞成电镀厂','4995','b232e729-a02f-48b2-987b-2c6311827816.jpg','全明料死模风灯，电镀花银喷浅紫色\\r\\n明料挺底      \\r\\n尺寸：11.5X20.3CM    \\r\\n1只/五层内盒     12只/大箱  \\r\\n毛坯1月30日送','PCS',300,1.70,510.00,'★   产品与封样无明显差异，唛头、标签及包装质量务必符合公司要求。 \\r\\n ★★  产品生产前期、中期、后期抽验率不得少于10%，质量和封样一致， \\r\\n       并将验货照片传\n\n回公司。 \\r\\n★★★ 重点客人的质量标准检验，产品抽验率不得少于50%，务必做到入箱前检查。 \\r\\n 交期：2012年2月15日/工厂。毛坯送至祁县瑞成玻璃镀膜厂。 \\r\\n       没有经过\n\n我司同意无故延期交货造成严重后果的，按照客人的相关要求处理。 \\r\\n 开票：出货后请将增值税发票、验货报告、合同复印件及出库单一并寄至我司，以便我司安排付款。',3,NULL,NULL),
('4028817a353b8d8e01353cad7b730029','4028817a3420e78a013421a693820004','4028817a3420e78a013421a693730001','4028817a33ecdbf70133ee202e49000b','瑞成电镀厂','4996','987692c0-6e47-4117-b6c8-3dbbeaca1b0c.jpg','全明料死模风灯，电镀花银喷浅绿色\\r\\n明料挺底      \\r\\n尺寸：11.5X30.5CM高    \\r\\n1只/五层内盒      6只/大箱  \\r\\n毛坯1月30日送','PCS',300,1.70,510.00,'★   产品与封样无明显差异，唛头、标签及包装质量务必符合公司要求。 \\r\\n ★★  产品生产前期、中期、后期抽验率不得少于10%，质量和封样一致， \\r\\n       并将验货照片传\n\n回公司。 \\r\\n★★★ 重点客人的质量标准检验，产品抽验率不得少于50%，务必做到入箱前检查。 \\r\\n 交期：2012年2月15日/工厂。毛坯送至祁县瑞成玻璃镀膜厂。 \\r\\n       没有经过\n\n我司同意无故延期交货造成严重后果的，按照客人的相关要求处理。 \\r\\n 开票：出货后请将增值税发票、验货报告、合同复印件及出库单一并寄至我司，以便我司安排付款。',4,NULL,NULL),
('4028817a353b8d8e01353cad7b73002a','4028817a3420e78a013421a693820006','4028817a3420e78a013421a693730001','4028817a33ecdbf70133ee202e49000b','瑞成电镀厂','4993','a803fa9e-dda1-476a-a822-a51b226aca39.jpg','全明料死模风灯，电镀花银喷浅绿色 \\r\\n明料挺底      \\r\\n尺寸：11.5X20.3CM    \\r\\n1只/五层内盒      12只/大箱  \\r\\n毛坯1月30日送','PCS',300,1.70,510.00,'★   产品与封样无明显差异，唛头、标签及包装质量务必符合公司要求。 \\r\\n ★★  产品生产前期、中期、后期抽验率不得少于10%，质量和封样一致， \\r\\n       并将验货照片传\n\n回公司。 \\r\\n★★★ 重点客人的质量标准检验，产品抽验率不得少于50%，务必做到入箱前检查。 \\r\\n 交期：2012年2月15日/工厂。       没有经过我司同意,无故延期交货造成严重后果\n\n的，按照客人的相关要求处理。 \\r\\n 开票：出货后请将增值税发票、验货报告、合同复印件及出库单一并寄至我司，以便我司安排付款。',1,NULL,NULL),
('4028817a353b8d8e01353cad7b73002b','4028817a3420e78a013421d2e3fe0014','4028817a3420e78a013421a693730001','4028817a33ecdbf70133ee202e49000b','瑞成电镀厂','5331','51902cb9-1650-480b-8373-2da4c3f2338b.jpg','全明料死模风灯，电镀花银喷绿色      \\r\\n尺寸：17X23CM高      \\r\\n1只/五层内盒      6只/大箱      \\r\\n毛坯1月30日送','PCS',300,3.50,1050.00,'★   产品与封样无明显差异，唛头、标签及包装质量务必符合公司要求。 \\r\\n ★★  产品生产前期、中期、后期抽验率不得少于10%，质量和封样一致， \\r\\n       并将验货照片传\n\n回公司。 \\r\\n★★★ 重点客人的质量标准检验，产品抽验率不得少于50%，务必做到入箱前检查。 \\r\\n 交期：2012年2月15日/工厂。       没有经过我司同意无故延期交货造成严重后果\n\n的，按照客人的相关要求处理。 \\r\\n 开票：出货后请将增值税发票、验货报告、合同复印件及出库单一并寄至我司，以便我司安排付款。',7,NULL,NULL),
('4028817a353b8d8e01353cad7b73002d','4028817a3420e78a013421a693820003','4028817a3420e78a013421a693730001','4028817a33ecdbf70133ee202e49000b','瑞成电镀厂','4994','05b37ddc-8904-4df3-8167-b98129c600de.jpg','全明料死模风灯，电镀花银喷浅蓝色\\r\\n明料挺底      \\r\\n尺寸：11.5X20.3CM    \\r\\n1只/五层内盒     12只/大箱  \\r\\n毛坯1月30日送','PCS',300,1.70,510.00,'★   产品与封样无明显差异，唛头、标签及包装质量务必符合公司要求。 \\r\\n ★★  产品生产前期、中期、后期抽验率不得少于10%，质量和封样一致， \\r\\n       并将验货照片传\n\n回公司。 \\r\\n★★★ 重点客人的质量标准检验，产品抽验率不得少于50%，务必做到入箱前检查。 \\r\\n 交期：2012年2月15日/工厂。毛坯送至祁县瑞成玻璃镀膜厂。 \\r\\n       没有经过\n\n我司同意无故延期交货造成严重后果的，按照客人的相关要求处理。 \\r\\n 开票：出货后请将增值税发票、验货报告、合同复印件及出库单一并寄至我司，以便我司安排付款。',2,NULL,NULL),
('4028817a353b8d8e01353cadeab80031','4028817a3420e78a013421a693920011','4028817a3420e78a013421a693730001','4028817a33ecdbf70133ee202e49000b','瑞成电镀厂','4997','7dbc495e-a12c-4eec-9975-c93c1b3f4297.jpg','全明料死模风灯，电镀花银喷浅蓝色\\r\\n明料挺底      \\r\\n尺寸：11.5X30.5CM高    \\r\\n1只/五层内盒      6只/大箱  \\r\\n毛坯1月30日送','PCS',300,1.70,510.00,'★   产品与封样无明显差异，唛头、标签及包装质量务必符合公司要求。 \\r\\n ★★  产品生产前期、中期、后期抽验率不得少于10%，质量和封样一致， \\r\\n       并将验货照片传\n\n回公司。 \\r\\n★★★ 重点客人的质量标准检验，产品抽验率不得少于50%，务必做到入箱前检查。 \\r\\n 交期：2012年2月15日/工厂。       没有经过我司同意无故延期交货造成严重后果\n\n的，按照客人的相关要求处理。 \\r\\n 开票：出货后请将增值税发票、验货报告、合同复印件及出库单一并寄至我司，以便我司安排付款。',5,NULL,NULL),
('4028817a353b8d8e01353cadeab80037','4028817a3420e78a013421a693820005','4028817a3420e78a013421a693730001','19','综艺花纸','5118','undefined','白金字母花纸\\r\\nSWEETS\\r\\n送祁县光华厂','PCS',300,3.00,900.00,'1.产品的颜色、造型、尺寸、重量务必同我司封样一致；\\r\\n2.工厂免费提供2% 余量，以防损耗，代用包装送至指定工厂；请在外包装上注明相对应的合同号及货号；\\r\\n3.交期:2012\n\n年1月15日。',12,NULL,NULL),
('4028817a353b8d8e01353cadec6d003a','4028817a3420e78a013421d2e3fe0013','4028817a3420e78a013421a693730001','4028817a33ecdbf70133ee202e49000b','瑞成电镀厂','5336','c8350cd2-47ae-4054-ad81-70004fe4eb44.jpg','全明料死模风灯，电镀花银喷绿色      \\r\\n 尺寸：14.5X20CM高      \\r\\n1只/五层内盒      12只/大箱      \\r\\n毛坯1月30日送','PCS',300,3.00,900.00,'★   产品与封样无明显差异，唛头、标签及包装质量务必符合公司要求。 \\r\\n ★★  产品生产前期、中期、后期抽验率不得少于10%，质量和封样一致， \\r\\n       并将验货照片传\n\n回公司。 \\r\\n★★★ 重点客人的质量标准检验，产品抽验率不得少于50%，务必做到入箱前检查。 \\r\\n 交期：2012年2月15日/工厂。       没有经过我司同意无故延期交货造成严重后果\n\n的，按照客人的相关要求处理。 \\r\\n 开票：出货后请将增值税发票、验货报告、合同复印件及出库单一并寄至我司，以便我司安排付款。',8,NULL,NULL),
('4028817a353b8d8e01353cadec6d0042','4028817a3420e78a013421a69382000e','4028817a3420e78a013421a693730001','4028817a33ecdbf70133ee202e49000b','瑞成电镀厂','4998','44fc2f77-af8a-42d3-8d9b-fa2bafa8f47a.jpg','全明料死模风灯，电镀花银喷浅紫色\\r\\n明料挺底      \\r\\n尺寸：11.5X30.5CM高    \\r\\n1只/五层内盒      6只/大箱  \\r\\n毛坯1月30日送','PCS',300,1.70,510.00,'★   产品与封样无明显差异，唛头、标签及包装质量务必符合公司要求。 \\r\\n ★★  产品生产前期、中期、后期抽验率不得少于10%，质量和封样一致， \\r\\n       并将验货照片传\n\n回公司。 \\r\\n★★★ 重点客人的质量标准检验，产品抽验率不得少于50%，务必做到入箱前检查。 \\r\\n 交期：2012年2月15日/工厂。毛坯送至祁县瑞成玻璃镀膜厂。 \\r\\n       没有经过\n\n我司同意无故延期交货造成严重后果的，按照客人的相关要求处理。 \\r\\n 开票：出货后请将增值税发票、验货报告、合同复印件及出库单一并寄至我司，以便我司安排付款。',6,NULL,NULL),
('4028817a353b8d8e01353cadec6d0044','4028817a3420e78a013421e2e3c10016','4028817a3420e78a013421a693730001','4028817a33ecdbf70133ee202e49000b','瑞成电镀厂','5400','601585a1-ba16-42bb-9ffb-\n\nd187b521be1f.jpg','全明料死模风灯，电镀花银喷蓝色      \\r\\n尺寸：17X23CM高      \\r\\n1只/五层内盒      6只/大箱      \\r\\n毛坯1月30日送','PCS',300,3.50,1050.00,'★   产品与封样无明显差异，唛头、标签及包装质量务必符合公司要求。 \\r\\n ★★  产品生产前期、中期、后期抽验率不得少于10%，质量和封样一致， \\r\\n       并将验货照片传\n\n回公司。 \\r\\n★★★ 重点客人的质量标准检验，产品抽验率不得少于50%，务必做到入箱前检查。 \\r\\n 交期：2012年2月15日/工厂。       没有经过我司同意无故延期交货造成严重后果\n\n的，按照客人的相关要求处理。 \\r\\n 开票：出货后请将增值税发票、验货报告、合同复印件及出库单一并寄至我司，以便我司安排付款。',10,NULL,NULL),
('4028817a353b8d8e01353d39f06c005d','4028817a353b8d8e01353d32350d0051','4028817a353b8d8e01353d15008d0046','19','综艺花纸','5117','aec0cd7f-795e-4c5f-b8c5-532b6479c4be.jpg','白金字母花纸\\r\\nSWEETS\\r\\n安全包装送祁县光华厂','PCS',100,3.00,300.00,'1.产品的颜色、造型、尺寸、重量务必同我司封样一致；\\r\\n2.工厂免费提供2% 余量，以防损耗，代用包装送至指定工厂；请在外包装上注明相对应的合同号及货号；\\r\\n3.交期:2012\n\n年2月5日。',1,NULL,NULL),
('4028817a353b8d8e01353d39f06c005e','4028817a353b8d8e01353d32350d005b','4028817a353b8d8e01353d15008d0046','4028817a33ecdbf70133ee202e49000b','瑞成电镀厂','5336','4436f9d7-b0e2-4926-9cd4-f6c66333c290.jpg','全明料死模风灯，电镀花银喷绿色      \\r\\n       \\r\\n尺寸：14.5X20CM高 \\r\\n1只/五层内盒      12只/大箱      \\r\\n毛坯1月30日送','PCS',156,3.00,468.00,'★   产品与封样无明显差异，唛头、标签及包装质量务必符合公司要求。 \\r\\n ★★  产品生产前期、中期、后期抽验率不得少于10%，质量和封样一致， \\r\\n       并将验货照片传\n\n回公司。 \\r\\n★★★ 重点客人的质量标准检验，产品抽验率不得少于50%，务必做到入箱前检查。 \\r\\n 交期：2012年2月15日/工厂。       没有经过我司同意无故延期交货造成严重后果\n\n的，按照客人的相关要求处理。 \\r\\n 开票：出货后请将增值税发票、验货报告、合同复印件及出库单一并寄至我司，以便我司安排付款。',4,NULL,NULL),
('4028817a353b8d8e01353d39f06c005f','4028817a353b8d8e01353d32350d005a','4028817a353b8d8e01353d15008d0046','4028817a33ecdbf70133ee202e49000b','瑞成电镀厂','5330','be775015-234a-4504-ad52-af6af53d2a9c.jpg','全明料死模风灯，电镀花银喷紫色      \\r\\n      \\r\\n尺寸：14.5X20CM高\\r\\n1只/五层内盒      12只/大箱      \\r\\n毛坯1月30日送','PCS',156,3.00,468.00,'★   产品与封样无明显差异，唛头、标签及包装质量务必符合公司要求。 \\r\\n ★★  产品生产前期、中期、后期抽验率不得少于10%，质量和封样一致， \\r\\n       并将验货照片传\n\n回公司。 \\r\\n★★★ 重点客人的质量标准检验，产品抽验率不得少于50%，务必做到入箱前检查。 \\r\\n 交期：2012年2月15日/工厂。       没有经过我司同意无故延期交货造成严重后果\n\n的，按照客人的相关要求处理。 \\r\\n 开票：出货后请将增值税发票、验货报告、合同复印件及出库单一并寄至我司，以便我司安排付款。',3,NULL,NULL),
('4028817a353b8d8e01353d39f06c0060','4028817a353b8d8e01353d32350d0055','4028817a353b8d8e01353d15008d0046','19','综艺花纸','5118','undefined','白金字母花纸\\r\\nSWEETS\\r\\n安全包装送祁县光华厂','PCS',100,3.00,300.00,'1.产品的颜色、造型、尺寸、重量务必同我司封样一致；\\r\\n2.工厂免费提供2% 余量，以防损耗，代用包装送至指定工厂；请在外包装上注明相对应的合同号及货号；\\r\\n3.交期:2012\n\n年2月5日。',2,NULL,NULL),
('4028817a353b8d8e01353d39f06c0061','4028817a353b8d8e01353d32350d0057','4028817a353b8d8e01353d15008d0046','4028817a33ecdbf70133ee202e49000b','瑞成电镀厂','5337','673a4e11-3706-4beb-b958-\n\nee1d7c564b3b.jpg','全明料死模风灯，电镀花银喷蓝色      \\r\\n       \\r\\n尺寸：14.5X20CM高      \\r\\n1只/五层内盒      12只/大箱\n\n    \\r\\n毛坯1月30日送','PCS',156,3.00,468.00,'★   产品与封样无明显差异，唛头、标签及包装质量务必符合公司要求。 \\r\\n ★★  产品生产前期、中期、后期抽验率不得少于10%，质量和封样一致， \\r\\n       并将验货照片传\n\n回公司。 \\r\\n★★★ 重点客人的质量标准检验，产品抽验率不得少于50%，务必做到入箱前检查。 \\r\\n 交期：2012年2月15日/工厂。       没有经过我司同意无故延期交货造成严重后果\n\n的，按照客人的相关要求处理。 \\r\\n 开票：出货后请将增值税发票、验货报告、合同复印件及出库单一并寄至我司，以便我司安排付款。',5,NULL,NULL),
('40288286607ea08c01607ecc5e8b0006','40288286607ea08c01607ea3d9500001','ff8080816077bbb3016077bd30b10000','4028817a33ecdbf70133ee202e49000b','瑞成电镀厂','fj001','fj002,jpg','sd','PCS',1,10.00,10.00,'dsad',3,NULL,NULL),
('40288287617040310161707a8a1d0002','402882876170403101617079e0540000','40288287616a411e01616ab546270006','4028817a33ecdbf70133ee202e49000b','瑞成电镀厂','FJ1234','lv.png',NULL,'PCS',21,11.00,231.00,NULL,1,NULL,NULL),
('93f91ed9-518f-49b1-bd5a-da971397153a','42b8eaa7-c7d2-40e0-8727-e90cb209abae','2c90c5004ad63735014ad6d204060005','4028817a3632e86601363344d16d0001','淄博花纸厂','003','http://${qiniu.rtValue}','3','3',3,3.00,9.00,'abcdef',3,NULL,NULL),
('ff80808160b5b3460160b5b5ea520001','ff80808160b5b3460160b5b4d5500000','8a7e84105823102a01582310fcd70000','4028817a33ecdbf70133ee202e49000b','瑞成电镀厂',NULL,'fj002,jpg',NULL,NULL,1,10.00,NULL,NULL,NULL,NULL,NULL),
('ff80808160b5b3460160b5b6f3e80002','ff80808160b5b3460160b5b4d5500000','8a7e84105823102a01582310fcd70000','4028817a33d4f8b40133d9989f5e0024','民鑫',NULL,'fj002,jpg',NULL,NULL,1,10.00,NULL,NULL,NULL,NULL,NULL),
('ff80808160b5b99e0160b5ba180b0000','ff80808160b5b3460160b5b4d5500000','8a7e84105823102a01582310fcd70000','4028817a353b8d8e0135415bf0a90070','宇津水龙头厂',NULL,'fj002,jpg',NULL,NULL,1,10.00,10.00,NULL,NULL,NULL,NULL),
('ff80808160b5b99e0160b5bb86f10001','ff80808160b5b3460160b5b4d5500000','8a7e84105823102a01582310fcd70000','4028817a35e0895e0135ec7a4dbe0087','西安方圆工贸',NULL,'adssad',NULL,NULL,1,5.00,5.00,NULL,NULL,NULL,NULL),
('ff80808160b5b99e0160b5bdcd370003','ff80808160b5b3460160b5b4d5500000','8a7e84105823102a01582310fcd70000',NULL,NULL,NULL,'fj002,jpg',NULL,NULL,2,15.00,30.00,NULL,NULL,NULL,NULL),
('ff80808160b5b99e0160b5bedc3e0004','ff80808160b5b3460160b5b4d5500000','8a7e84105823102a01582310fcd70000','4028817a33ecdbf70133ee202e49000b','瑞成电镀厂',NULL,'fj002,jpg',NULL,NULL,1,10.00,10.00,NULL,NULL,NULL,NULL),
('ff80808160b5b99e0160b5bf2a660005','ff80808160b5b3460160b5b4d5500000','8a7e84105823102a01582310fcd70000','4028817a33ecdbf70133ee202e49000b','瑞成电镀厂',NULL,NULL,NULL,NULL,1,10.00,10.00,NULL,NULL,NULL,NULL),
('ff80808160b5b99e0160b5c0471b0006','ff80808160b5b3460160b5b4d5500000','8a7e84105823102a01582310fcd70000','4028817a33de41d80133e982a18a001c','太谷PVC',NULL,'fj002,jpg',NULL,NULL,1,10.00,10.00,NULL,NULL,NULL,NULL);

/*Table structure for table `co_ext_eproduct` */

DROP TABLE IF EXISTS `co_ext_eproduct`;

CREATE TABLE `co_ext_eproduct` (
  `id` varchar(40) NOT NULL,
  `export_product_id` varchar(40) DEFAULT NULL,
  `export_id` varchar(40) DEFAULT NULL COMMENT '所属报运单id',
  `factory_id` varchar(40) DEFAULT NULL,
  `product_no` varchar(50) DEFAULT NULL,
  `product_image` varchar(200) DEFAULT NULL,
  `product_desc` varchar(255) DEFAULT NULL,
  `cnumber` decimal(11,0) DEFAULT NULL,
  `packing_unit` varchar(10) DEFAULT NULL COMMENT 'PCS/SETS',
  `price` decimal(10,2) DEFAULT NULL,
  `amount` decimal(10,2) DEFAULT NULL COMMENT '自动计算: 数量x单价',
  `product_request` text,
  `order_no` decimal(11,0) DEFAULT NULL,
  `company_id` varchar(40) DEFAULT NULL,
  `company_name` varchar(40) DEFAULT NULL,
  PRIMARY KEY (`id`),
  KEY `SYS_C005449` (`factory_id`),
  KEY `SYS_C005450` (`export_product_id`)
) ENGINE=InnoDB DEFAULT CHARSET=utf8;

/*Data for the table `co_ext_eproduct` */

insert  into `co_ext_eproduct`(`id`,`export_product_id`,`export_id`,`factory_id`,`product_no`,`product_image`,`product_desc`,`cnumber`,`packing_unit`,`price`,`amount`,`product_request`,`order_no`,`company_id`,`company_name`) values 
('4028d3cf567275410156735276210004','4028d3cf567275410156735276210003','4028d3cf567275410156735276210001','19','JK169340/13076','undefined','蒙砂白花纸\\r\\n烤在蛋糕罩上\\r\\n送祁县光华厂',464,'PCS',1.02,473.28,'1.产品的颜色、造型、尺寸、务必同我司提供样稿一致；\\r\\n2.工厂免费提供2% 余量，以防损耗，代用包装送至指定工厂；请在外包装上注明相对应的合同号及货号；\\r\\n3.交期:2011\n\n年11月20日。',2,NULL,NULL),
('4028d3cf567275410156735276250011','4028d3cf567275410156735276240010','4028d3cf567275410156735276210001','19','20-37-266/JK1050164','73be2c8a-b961-4ae9-899a-2d259ecd152b.png','蒙砂白花纸\\r\\n配全明料蛋糕罩\\r\\n\\r\\n送祁县宏艺厂',1200,'PCS',0.40,480.00,'1.产品的颜色、造型、尺寸、重量务必同我司封样一致；\\r\\n2.工厂免费提供2% 余量，以防损耗，代用包装送至指定工厂；请在外包装上注明相对应的合同号及货号；\\r\\n3.交期:2011\n\n年12月05日；',3,NULL,NULL),
('4028d3cf567275410156735276250013','4028d3cf567275410156735276250012','4028d3cf567275410156735276210001','19','20-37-264/JK1051087','bdf6ff59-ab4c-4218-a554-361ec409a04f.png','蒙砂白花纸\\r\\n配全明料蛋糕罩\\r\\n\\r\\n送祁县宏艺厂',1200,'PCS',0.35,420.00,'1.产品的颜色、造型、尺寸、重量务必同我司封样一致；\\r\\n2.工厂免费提供2% 余量，以防损耗，代用包装送至指定工厂；请在外包装上注明相对应的合同号及货号；\\r\\n3.交期:2011\n\n年12月05日；',1,NULL,NULL),
('4028d3cf567275410156735276270015','4028d3cf567275410156735276250014','4028d3cf567275410156735276210001','19','JK1050201/12078',NULL,'蒙砂白花纸\\r\\n烤在蛋糕罩上\\r\\n送祁县光华厂',204,'PCS',0.80,163.20,'1.产品的颜色、造型、尺寸、务必同我司提供的样稿一致；\\r\\n2.工厂免费提供2% 余量，以防损耗，代用包装送至指定工厂；请在外包装上注明相对应的合同号及货号；\\r\\n3.交\n\n期:2011年11月20日送指定工厂。',1,NULL,NULL),
('4028d3cf567275410156735276280017','4028d3cf567275410156735276280016','4028d3cf567275410156735276210001','19','20-37-265/JK1050163','1af851ab-98ff-4227-ba39-1175dca33c6f.png','蒙砂白花纸\\r\\n配全明料蛋糕罩\\r\\n\\r\\n送祁县宏艺厂',1200,'PCS',0.38,456.00,'1.产品的颜色、造型、尺寸、重量务必同我司封样一致；\\r\\n2.工厂免费提供2% 余量，以防损耗，代用包装送至指定工厂；请在外包装上注明相对应的合同号及货号；\\r\\n3.交期:2011\n\n年12月05日；',2,NULL,NULL),
('8a7e81015ad03e38015ad0408dd4000b','8a7e81015ad03e38015ad0408dd4000a','8a7e81015ad03e38015ad0408dbc0000','19','20-37-265/JK1050163','1af851ab-98ff-4227-ba39-1175dca33c6f.png','蒙砂白花纸\\r\\n配全明料蛋糕罩\\r\\n\\r\\n送祁县宏艺厂',1200,'PCS',0.38,456.00,'1.产品的颜色、造型、尺寸、重量务必同我司封样一致；\\r\\n2.工厂免费提供2% 余量，以防损耗，代用包装送至指定工厂；请在外包装上注明相对应的合同号及货号；\\r\\n3.交期:2011\n\n年12月05日；',2,NULL,NULL),
('8a7e82766172fbf5016173ae108c0002','8a7e82766172fbf5016173ae108c0001','8a7e82766172fbf5016173ae10780000','4028817a33ecdbf70133ee202e49000b','FJ1234','lv.png',NULL,21,'PCS',11.00,231.00,NULL,1,NULL,NULL),
('8a7e841959483bac0159483d2bd10002','8a7e841959483bac0159483d2bd10001','8a7e841959483bac0159483d2bc00000','16','2964',NULL,'彩盒，新菲林\\r\\n配全明料糖缸带盖子\\r\\n彩盒尺寸：22.5X22.5X48.5CM',144,'PCS',4.00,576.00,'1.彩盒要求350克面纸；\\r\\n2.工厂待用安全包装，待我司运至工厂；\\r\\n3.工厂免费提供1%余量，以防划伤，破损；\\r\\n4.交期:2011年11月05日。',1,NULL,NULL),
('8a7e841959483bac0159483d2bd20004','8a7e841959483bac0159483d2bd20003','8a7e841959483bac0159483d2bc00000','16','2976','undefined','彩盒，新菲林\\r\\n配全明料糖缸带盖子\\r\\n彩盒尺寸：21.5X21.5X41CM',144,'PCS',3.30,475.20,'1.彩盒要求350克面纸；\\r\\n2.工厂待用安全包装，待我司运至工厂；\\r\\n3.工厂免费提供1%余量，以防划伤，破损；\\r\\n4.交期:2011年11月05日。',3,NULL,NULL),
('8a7e841959483bac0159483d2bd20005','8a7e841959483bac0159483d2bd20003','8a7e841959483bac0159483d2bc00000','16','2976','undefined','彩盒，新菲林\\r\\n配明料糖缸带盖子\\r\\n彩盒尺寸：25.7X25.7X35.7CM',144,'PCS',3.90,561.60,'1.彩盒要求350克面纸；\\r\\n2.工厂待用安全包装，待我司运至工厂；\\r\\n3.工厂免费提供1%余量，以防划伤，破损；\\r\\n4.交期:2011年11月05日。',4,NULL,NULL),
('8a7e843358372ad30158372f66b50002','8a7e843358372ad30158372f66b40001','8a7e843358372ad30158372f66aa0000','16','2976','undefined','彩盒，新菲林\\r\\n配明料糖缸带盖子\\r\\n彩盒尺寸：25.7X25.7X35.7CM',144,'PCS',3.90,561.60,'1.彩盒要求350克面纸；\\r\\n2.工厂待用安全包装，待我司运至工厂；\\r\\n3.工厂免费提供1%余量，以防划伤，破损；\\r\\n4.交期:2011年11月05日。',4,NULL,NULL),
('8a7e843358372ad30158372f66b50003','8a7e843358372ad30158372f66b40001','8a7e843358372ad30158372f66aa0000','16','2976','undefined','彩盒，新菲林\\r\\n配全明料糖缸带盖子\\r\\n彩盒尺寸：21.5X21.5X41CM',144,'PCS',3.30,475.20,'1.彩盒要求350克面纸；\\r\\n2.工厂待用安全包装，待我司运至工厂；\\r\\n3.工厂免费提供1%余量，以防划伤，破损；\\r\\n4.交期:2011年11月05日。',3,NULL,NULL),
('8a7e843358372ad30158372f66b50006','8a7e843358372ad30158372f66b50005','8a7e843358372ad30158372f66aa0000','16','2964',NULL,'彩盒，新菲林\\r\\n配全明料糖缸带盖子\\r\\n彩盒尺寸：22.5X22.5X48.5CM',144,'PCS',4.00,576.00,'1.彩盒要求350克面纸；\\r\\n2.工厂待用安全包装，待我司运至工厂；\\r\\n3.工厂免费提供1%余量，以防划伤，破损；\\r\\n4.交期:2011年11月05日。',1,NULL,NULL),
('8a7e843358372ad30158372f66b60009','8a7e843358372ad30158372f66b60008','8a7e843358372ad30158372f66aa0000','16','2965','undefined','彩盒，新菲林\\r\\n配全明料糖缸带盖子\\r\\n彩盒尺寸：20X20X41CM',144,'PCS',3.20,460.80,'1.彩盒要求350克面纸；\\r\\n2.工厂待用安全包装，待我司运至工厂；\\r\\n3.工厂免费提供1%余量，以防划伤，破损；\\r\\n4.交期:2011年11月05日。',2,NULL,NULL),
('8a7e843759b44c920159b4516bea0005','8a7e843759b44c920159b4516bea0004','8a7e843759b44c920159b4516bdb0000','22','5337',NULL,'全明料死模风灯，电镀花银喷蓝色\\r\\n尺寸：14.5X20CM高',300,'PCS',2.00,600.00,'★   产品与封样无明显差异，唛头、标签及包装质量务必符合公司要求。 \\r\\n ★★  产品生产前期、中期、后期抽验率不得少于10%，质量和封样一致， \\r\\n       并将验货照片传\n\n回公司。 \\r\\n★★★ 重点客人的质量标准检验，产品抽验率不得少于50%，务必做到入箱前检查。 \\r\\n 交期：2012年1月10日/工厂。\\r\\n       没有经过我司同意无故延期交货造成严重\n\n后果的，按照客人的相关要求处理。 \\r\\n 开票：出货后请将增值税发票、验货报告、合同复印件及出库单一并寄至我司，以便我司安排付款。',9,NULL,NULL),
('8a7e843759b44c920159b4516beb0008','8a7e843759b44c920159b4516beb0007','8a7e843759b44c920159b4516bdb0000','22','4997',NULL,'全明料死模风灯，电镀花银喷蓝色\\r\\n尺寸：11.5X30.5CM高',300,'PCS',1.70,510.00,'★   产品与封样无明显差异，唛头、标签及包装质量务必符合公司要求。 \\r\\n ★★  产品生产前期、中期、后期抽验率不得少于10%，质量和封样一致， \\r\\n       并将验货照片传\n\n回公司。 \\r\\n★★★ 重点客人的质量标准检验，产品抽验率不得少于50%，务必做到入箱前检查。 \\r\\n 交期：2012年1月10日/工厂。\\r\\n       没有经过我司同意无故延期交货造成严重\n\n后果的，按照客人的相关要求处理。 \\r\\n 开票：出货后请将增值税发票、验货报告、合同复印件及出库单一并寄至我司，以便我司安排付款。',5,NULL,NULL),
('8a7e843759b44c920159b4516beb000a','8a7e843759b44c920159b4516beb0009','8a7e843759b44c920159b4516bdb0000','22','4994','undefined','全明料死模风灯，电镀花银喷蓝色\\r\\n尺寸：11.5X20.3CM高',300,'PCS',1.70,510.00,'★   产品与封样无明显差异，唛头、标签及包装质量务必符合公司要求。 \\r\\n ★★  产品生产前期、中期、后期抽验率不得少于10%，质量和封样一致， \\r\\n       并将验货照片传\n\n回公司。 \\r\\n★★★ 重点客人的质量标准检验，产品抽验率不得少于50%，务必做到入箱前检查。 \\r\\n 交期：2012年1月10日/工厂。\\r\\n       没有经过我司同意无故延期交货造成严重\n\n后果的，按照客人的相关要求处理。 \\r\\n 开票：出货后请将增值税发票、验货报告、合同复印件及出库单一并寄至我司，以便我司安排付款。',2,NULL,NULL),
('8a7e843759b44c920159b4516bec000c','8a7e843759b44c920159b4516beb000b','8a7e843759b44c920159b4516bdb0000','22','4995','undefined','全明料死模风灯，电镀花银喷紫色\\r\\n尺寸：11.5X20.3CM',300,'PCS',1.70,510.00,'★   产品与封样无明显差异，唛头、标签及包装质量务必符合公司要求。 \\r\\n ★★  产品生产前期、中期、后期抽验率不得少于10%，质量和封样一致， \\r\\n       并将验货照片传\n\n回公司。 \\r\\n★★★ 重点客人的质量标准检验，产品抽验率不得少于50%，务必做到入箱前检查。 \\r\\n 交期：2012年1月10日/工厂。\\r\\n       没有经过我司同意无故延期交货造成严重\n\n后果的，按照客人的相关要求处理。 \\r\\n 开票：出货后请将增值税发票、验货报告、合同复印件及出库单一并寄至我司，以便我司安排付款。',3,NULL,NULL),
('8a7e843759b44c920159b4516bec0011','8a7e843759b44c920159b4516bec0010','8a7e843759b44c920159b4516bdb0000','19','5117','undefined','白金字母花纸\\r\\nSWEETS\\r\\n送祁县光华厂',300,'PCS',3.00,900.00,'1.产品的颜色、造型、尺寸、重量务必同我司封样一致；\\r\\n2.工厂免费提供2% 余量，以防损耗，代用包装送至指定工厂；请在外包装上注明相对应的合同号及货号；\\r\\n3.交期:2011\n\n年11月30日；',12,NULL,NULL),
('8a7e843759b44c920159b4516bed0013','8a7e843759b44c920159b4516bed0012','8a7e843759b44c920159b4516bdb0000','19','JK1014003','73980c53-44f6-4232-8c04-9d08a66eeccb.png','低温鱼花纸\\r\\n明料盘子\\r\\n\\r\\n送祁县天顺厂',1200,'PCS',3.80,4560.00,'1.产品的颜色、造型、尺寸、务必同提供的样品一致；\\r\\n2.工厂免费提供2% 余量，以防损耗，代用包装送至指定工厂；请在外包装上注明相对应的合同号及货号；\\r\\n3.交期:2011年\n\n12月10；',3,NULL,NULL),
('8a7e843759b44c920159b4516bf10017','8a7e843759b44c920159b4516bed0016','8a7e843759b44c920159b4516bdb0000','22','5400','undefined','全明料死模风灯，电镀花银喷蓝色\\r\\n尺寸：17X23CM高',300,'PCS',3.50,1050.00,'★   产品与封样无明显差异，唛头、标签及包装质量务必符合公司要求。 \\r\\n ★★  产品生产前期、中期、后期抽验率不得少于10%，质量和封样一致， \\r\\n       并将验货照片传\n\n回公司。 \\r\\n★★★ 重点客人的质量标准检验，产品抽验率不得少于50%，务必做到入箱前检查。 \\r\\n 交期：2012年1月10日/工厂。\\r\\n       没有经过我司同意无故延期交货造成严重\n\n后果的，按照客人的相关要求处理。 \\r\\n 开票：出货后请将增值税发票、验货报告、合同复印件及出库单一并寄至我司，以便我司安排付款。',10,NULL,NULL),
('8a7e843759b44c920159b4516bf20019','8a7e843759b44c920159b4516bf10018','8a7e843759b44c920159b4516bdb0000','22','5336',NULL,'全明料死模风灯，电镀花银喷绿色\\r\\n尺寸：14.5X20CM高',300,'PCS',2.00,600.00,'★   产品与封样无明显差异，唛头、标签及包装质量务必符合公司要求。 \\r\\n ★★  产品生产前期、中期、后期抽验率不得少于10%，质量和封样一致，\\r\\n       并将验货照片传回\n\n公司。 \\r\\n★★★ 重点客人的质量标准检验，产品抽验率不得少于50%，务必做到入箱前检查。 \\r\\n 交期：2012年1月10日/工厂。\\r\\n       没有经过我司同意无故延期交货造成严重后\n\n果的，按照客人的相关要求处理。 \\r\\n 开票：出货后请将增值税发票、验货报告、合同复印件及出库单一并寄至我司，以便我司安排付款。',8,NULL,NULL),
('8a7e843759b44c920159b4516bf2001c','8a7e843759b44c920159b4516bf2001b','8a7e843759b44c920159b4516bdb0000','22','4993',NULL,'全明料死模风灯，电镀花银喷绿色\\r\\n尺寸：11.5X20.3CM\\r\\n毛坯1月25日送',300,'PCS',1.70,510.00,'★   产品与封样无明显差异，唛头、标签及包装质量务必符合公司要求。 \\r\\n ★★  产品生产前期、中期、后期抽验率不得少于10%，质量和封样一致， \\r\\n       并将验货照片传\n\n回公司。 \\r\\n★★★ 重点客人的质量标准检验，产品抽验率不得少于50%，务必做到入箱前检查。 \\r\\n 交期：2012年1月10日/工厂。\\r\\n       没有经过我司同意无故延期交货造成严重\n\n后果的，按照客人的相关要求处理。 \\r\\n 开票：出货后请将增值税发票、验货报告、合同复印件及出库单一并寄至我司，以便我司安排付款。',1,NULL,NULL),
('8a7e843759b44c920159b4516bf3001e','8a7e843759b44c920159b4516bf2001d','8a7e843759b44c920159b4516bdb0000','22','4996','undefined','全明料死模风灯，电镀花银喷绿色\\r\\n尺寸：11.5X30.5CM高',300,'PCS',1.70,510.00,'★   产品与封样无明显差异，唛头、标签及包装质量务必符合公司要求。 \\r\\n ★★  产品生产前期、中期、后期抽验率不得少于10%，质量和封样一致， \\r\\n       并将验货照片传\n\n回公司。 \\r\\n★★★ 重点客人的质量标准检验，产品抽验率不得少于50%，务必做到入箱前检查。 \\r\\n 交期：2012年1月10日/工厂。\\r\\n       没有经过我司同意无故延期交货造成严重\n\n后果的，按照客人的相关要求处理。 \\r\\n 开票：出货后请将增值税发票、验货报告、合同复印件及出库单一并寄至我司，以便我司安排付款。',4,NULL,NULL),
('8a7e843759b44c920159b4516bf30021','8a7e843759b44c920159b4516bf30020','8a7e843759b44c920159b4516bdb0000','22','5331','undefined','全明料死模风灯，电镀花银喷绿色\\r\\n尺寸：17X23CM高',300,'PCS',3.50,1050.00,'★   产品与封样无明显差异，唛头、标签及包装质量务必符合公司要求。 \\r\\n ★★  产品生产前期、中期、后期抽验率不得少于10%，质量和封样一致， \\r\\n       并将验货照片传\n\n回公司。 \\r\\n★★★ 重点客人的质量标准检验，产品抽验率不得少于50%，务必做到入箱前检查。 \\r\\n 交期：2012年1月10日/工厂。\\r\\n       没有经过我司同意无故延期交货造成严重\n\n后果的，按照客人的相关要求处理。 \\r\\n 开票：出货后请将增值税发票、验货报告、合同复印件及出库单一并寄至我司，以便我司安排付款。',7,NULL,NULL),
('8a7e843759b44c920159b4516bf40025','8a7e843759b44c920159b4516bf30024','8a7e843759b44c920159b4516bdb0000','19','5118','undefined','白金字母花纸\\r\\nSWEETS\\r\\n送祁县光华厂',600,'PCS',3.00,1800.00,'1.产品的颜色、造型、尺寸、重量务必同我司封样一致；\\r\\n2.工厂免费提供2% 余量，以防损耗，代用包装送至指定工厂；请在外包装上注明相对应的合同号及货号；\\r\\n3.交期:2011\n\n年11月30日；',13,NULL,NULL),
('8a7e843759b44c920159b4516bf40027','8a7e843759b44c920159b4516bf40026','8a7e843759b44c920159b4516bdb0000','22','4998','undefined','全明料死模风灯 ，电镀花银喷紫色\\r\\n尺寸：11.5X30.5CM',300,'PCS',1.70,510.00,'★   产品与封样无明显差异，唛头、标签及包装质量务必符合公司要求。 \\r\\n ★★  产品生产前期、中期、后期抽验率不得少于10%，质量和封样一致， \\r\\n       并将验货照片传\n\n回公司。 \\r\\n★★★ 重点客人的质量标准检验，产品抽验率不得少于50%，务必做到入箱前检查。 \\r\\n 交期：2012年1月10日/工厂。\\r\\n       没有经过我司同意无故延期交货造成严重\n\n后果的，按照客人的相关要求处理。 \\r\\n 开票：出货后请将增值税发票、验货报告、合同复印件及出库单一并寄至我司，以便我司安排付款。',6,NULL,NULL),
('8a7e843759b44c920159b4516bf4002a','8a7e843759b44c920159b4516bf40029','8a7e843759b44c920159b4516bdb0000','19','JK1014005','94d2d773-24b6-412e-b0e3-0fc9dddf0955.png','低温鱼花纸\\r\\n明料低口杯\\r\\n祁县宏艺厂',1800,'PCS',1.20,2160.00,'1.产品的颜色、造型、尺寸、务必同提供的样品一致；\\r\\n2.工厂免费提供2% 余量，以防损耗，代用包装送至指定工厂；请在外包装上注明相对应的合同号及货号；\\r\\n3.交期:2011年\n\n12月10；',4,NULL,NULL),
('8a7e843759b44c920159b4516bf5002d','8a7e843759b44c920159b4516bf5002c','8a7e843759b44c920159b4516bdb0000','19','JK1014001','7a3d341f-f473-44ce-9bd4-c7f2b87343ca.png','低温鱼花纸\\r\\n明料大碗\\r\\n送祁县宏艺厂',1000,'PCS',2.40,2400.00,'1.产品的颜色、造型、尺寸、务必同提供的样品一致；\\r\\n2.工厂免费提供2% 余量，以防损耗，代用包装送至指定工厂；请在外包装上注明相对应的合同号及货号；\\r\\n3.交期:2011年\n\n12月10；',2,NULL,NULL),
('8a7e843759b44c920159b4516bf50030','8a7e843759b44c920159b4516bf5002f','8a7e843759b44c920159b4516bdb0000','19','JK1080766-3','29bb909d-d527-475d-bfbe-e5e05a02349c.png','套3白花纸\\r\\n\\r\\n送祁县宏艺厂',600,'SETS',0.60,360.00,'1.产品的颜色、造型、尺寸、务必同提供的样品一致；\\r\\n2.工厂免费提供2% 余量，以防损耗，代用包装送至指定工厂；请在外包装上注明相对应的合同号及货号；\\r\\n3.交期:2011年\n\n12月10；',1,NULL,NULL),
('8a7e843759b44c920159b4516bf70033','8a7e843759b44c920159b4516bf70032','8a7e843759b44c920159b4516bdb0000','20','6998',NULL,'全明料蛋糕盘，盘沿电镀\\r\\n尺寸：6-1/2\\\"X12-1/2\\\"高',300,'PCS',6.00,1800.00,'★   产品与封样无明显差异，唛头、标签及包装质量务必符合公司要求。 \\r\\n ★★  产品生产前期、中期、后期抽验率不得少于10%，质量和封样一致， \\r\\n       并将验货照片传\n\n回公司。 \\r\\n★★★ 重点客人的质量标准检验，产品抽验率不得少于50%，务必做到入箱前检查。 \\r\\n 交期：2012年1月10日/工厂。\\r\\n       没有经过我司同意无故延期交货造成严重\n\n后果的，按照客人的相关要求处理。 \\r\\n 开票：出货后请将增值税发票、验货报告、合同复印件及出库单一并寄至我司，以便我司安排付款。',11,NULL,NULL),
('8a7e84635711a251015711da96e90040','8a7e84635711a251015711da96e8003f','8a7e84635711a251015711da96e8003e','19','20-37-264/JK1051087','bdf6ff59-ab4c-4218-a554-361ec409a04f.png','蒙砂白花纸\\r\\n配全明料蛋糕罩\\r\\n\\r\\n送祁县宏艺厂',1200,'PCS',0.35,420.00,'1.产品的颜色、造型、尺寸、重量务必同我司封样一致；\\r\\n2.工厂免费提供2% 余量，以防损耗，代用包装送至指定工厂；请在外包装上注明相对应的合同号及货号；\\r\\n3.交期:2011\n\n年12月05日；',1,NULL,NULL),
('8a7e84635711a251015711da96e90042','8a7e84635711a251015711da96e90041','8a7e84635711a251015711da96e8003e','4028817a33de41d80133e982a18a001c','5645654','02.png','fdsfss',30,'SETS',30.00,900.00,'dsfds',565,NULL,NULL),
('8a7e84635711a251015711da96ea0044','8a7e84635711a251015711da96ea0043','8a7e84635711a251015711da96e8003e','19','20-37-265/JK1050163','1af851ab-98ff-4227-ba39-1175dca33c6f.png','蒙砂白花纸\\r\\n配全明料蛋糕罩\\r\\n\\r\\n送祁县宏艺厂',1200,'PCS',0.38,456.00,'1.产品的颜色、造型、尺寸、重量务必同我司封样一致；\\r\\n2.工厂免费提供2% 余量，以防损耗，代用包装送至指定工厂；请在外包装上注明相对应的合同号及货号；\\r\\n3.交期:2011\n\n年12月05日；',2,NULL,NULL);

/*Table structure for table `co_factory` */

DROP TABLE IF EXISTS `co_factory`;

CREATE TABLE `co_factory` (
  `id` varchar(40) NOT NULL,
  `ctype` varchar(10) DEFAULT NULL COMMENT '货物/附件',
  `full_name` varchar(200) DEFAULT NULL,
  `factory_name` varchar(50) DEFAULT NULL,
  `contacts` varchar(30) DEFAULT NULL,
  `phone` varchar(20) DEFAULT NULL,
  `mobile` varchar(20) DEFAULT NULL,
  `fax` varchar(20) DEFAULT NULL,
  `address` varchar(200) DEFAULT NULL,
  `inspector` varchar(30) DEFAULT NULL,
  `remark` varchar(255) DEFAULT NULL,
  `order_no` decimal(11,0) DEFAULT NULL,
  `state` char(1) DEFAULT NULL COMMENT '1正常0停用',
  `create_by` varchar(40) DEFAULT NULL,
  `create_dept` varchar(40) DEFAULT NULL,
  `create_time` datetime NOT NULL,
  `update_by` varchar(40) DEFAULT NULL,
  `update_time` datetime NOT NULL,
  PRIMARY KEY (`id`)
) ENGINE=InnoDB DEFAULT CHARSET=utf8;

/*Data for the table `co_factory` */

insert  into `co_factory`(`id`,`ctype`,`full_name`,`factory_name`,`contacts`,`phone`,`mobile`,`fax`,`address`,`inspector`,`remark`,`order_no`,`state`,`create_by`,`create_dept`,`create_time`,`update_by`,`update_time`) values 
('1','货物','祁县海洋厂','升华','刘生','0354-5299987',NULL,NULL,'厦门','吕波',NULL,NULL,'0',NULL,NULL,'2015-01-10 19:34:53',NULL,'2015-01-10 19:32:46'),
('10','货物','祁县晶晨厂','晶晨','续贵','0354-5271999',NULL,NULL,'东莞','吕波',NULL,NULL,'1',NULL,NULL,'2015-01-10 19:34:53',NULL,'2015-01-10 19:32:46'),
('12','货物','平遥远江厂','平遥远江','宏远',NULL,'13935499967',NULL,'连云港',NULL,NULL,NULL,'1',NULL,NULL,'2015-01-10 19:34:53',NULL,'2015-01-10 19:32:46'),
('13','货物','平遥鸿艺厂','平遥鸿艺','雄飞','0354-5940888',NULL,NULL,'东莞','吕波',NULL,NULL,'1',NULL,NULL,'2015-01-10 19:34:53',NULL,'2015-01-10 19:32:46'),
('15','货物','南皮开发玻璃制品厂','南皮开发','舒东','0317-8863999',NULL,NULL,'东莞',NULL,NULL,NULL,'1',NULL,NULL,'2015-01-10 19:34:53',NULL,'2015-01-10 19:32:46'),
('16','货物','陕西康达彩印厂','康达','袁喜','029-84528015',NULL,NULL,'拉萨',NULL,NULL,NULL,'1',NULL,NULL,'2015-01-10 19:34:53',NULL,'2015-01-10 19:32:46'),
('17','货物','陕西众鑫印务包装有限公司','众鑫','赵毅','029-84341858',NULL,NULL,'连云港',NULL,NULL,NULL,'1',NULL,NULL,'2015-01-10 19:34:53',NULL,'2015-01-10 19:32:46'),
('18','货物','翰林彩印厂','翰林','孙财','029-88917456',NULL,NULL,'长沙',NULL,NULL,NULL,'1',NULL,NULL,'2015-01-10 19:34:53',NULL,'2015-01-10 19:32:46'),
('19','货物','祁县综艺玻璃花纸厂','综艺花纸','王棕','0354-5278918',NULL,NULL,'长沙',NULL,NULL,NULL,'1',NULL,NULL,'2015-01-10 19:34:53',NULL,'2015-01-10 19:32:46'),
('2','货物','祁县光华厂','光华','薛成','0354-5298981',NULL,NULL,'长沙','吕波',NULL,NULL,'1',NULL,NULL,'2015-01-10 19:34:53',NULL,'2015-01-10 19:32:46'),
('20','货物','祁县喜福来玻璃加工厂','喜福来','王卫','0354-5328850',NULL,NULL,'长沙',NULL,NULL,NULL,'1',NULL,NULL,'2015-01-10 19:34:53',NULL,'2015-01-10 19:32:46'),
('21','货物','祁县美晶泡沫厂','美晶','范长','0354-5071387',NULL,NULL,'长沙',NULL,NULL,NULL,'1',NULL,NULL,'2015-01-10 19:34:53',NULL,'2015-01-10 19:32:46'),
('22','货物','祁县瑞成玻璃镀膜厂','瑞成','温明',NULL,'13834809374',NULL,'长沙',NULL,NULL,NULL,'1',NULL,NULL,'2015-01-10 19:34:53',NULL,'2015-01-10 19:32:46'),
('3','货物','祁县会龙厂','会龙','李伟','0354-5248696',NULL,NULL,'长沙','李光',NULL,NULL,'1',NULL,NULL,'2015-01-10 19:34:53',NULL,'2015-01-10 19:32:46'),
('4','货物','祁县精艺厂','精艺','闫强','0354-5047289',NULL,NULL,'厦门','高琴',NULL,NULL,'1',NULL,NULL,'2015-01-10 19:34:53',NULL,'2015-01-10 19:32:46'),
('4028817a33d4f8b40133d9989f5e0024','附件','闻喜民鑫厂','民鑫','李民','0359-7472727',NULL,NULL,'包头','吕波',NULL,NULL,'1',NULL,NULL,'2015-01-10 19:35:06',NULL,'2015-01-10 19:32:46'),
('4028817a33de41d80133e982a18a001c','附件','太谷四通PVC厂','太谷PVC','张海','0354-6226591',NULL,NULL,'沈阳',NULL,NULL,NULL,'1',NULL,NULL,'2015-01-10 19:35:06',NULL,'2015-01-10 19:32:46'),
('4028817a33ecdbf70133ee202e49000b','附件','祁县瑞成电镀厂','瑞成电镀厂','温民','13835926900',NULL,NULL,'沈阳',NULL,NULL,NULL,'1',NULL,NULL,'2015-01-10 19:35:06',NULL,'2015-01-10 19:32:46'),
('4028817a34f93be50134f9df84470001','附件','神舟玻璃制品有限公司','神舟厂','申定','0356-3961959','13935672348','0356-3991304','福州','李光',NULL,NULL,'1',NULL,NULL,'2015-01-10 19:35:06',NULL,'2015-01-10 19:32:46'),
('4028817a353b8d8e0135415bf0a90070','附件','陕西宇津进出口有限公司','宇津水龙头厂','任宁','029-62990818',NULL,NULL,'东莞',NULL,NULL,NULL,'1',NULL,NULL,'2015-01-10 19:35:06',NULL,'2015-01-10 19:32:46'),
('4028817a35e0895e0135ec7a4dbe0087','附件','西安方圆工贸有限公司','西安方圆工贸','许涛','029-86539568',NULL,'029-86590565','东莞',NULL,NULL,NULL,'1',NULL,NULL,'2015-01-10 19:35:06',NULL,'2015-01-10 19:32:46'),
('4028817a3632e86601363344d16d0001','附件','淄博雷波陶瓷花纸厂','淄博花纸厂','吴璇','0533-5176946',NULL,NULL,'东莞',NULL,NULL,NULL,'1',NULL,NULL,'2015-01-10 19:35:06',NULL,'2015-01-10 19:32:46'),
('4028817a371a8d7f01372a74451f0068','附件','山西大德成工贸有限公司','铁架厂','高辉','0354-5288919',NULL,NULL,'东莞','李光',NULL,NULL,'1',NULL,NULL,'2015-01-10 19:35:06',NULL,'2015-01-10 19:32:46'),
('4028817a37583d45013758d152450038','附件','祁县顺驰厂','顺驰','王明','0354-5109398',NULL,NULL,'东莞','李光',NULL,NULL,'1',NULL,NULL,'2015-01-10 19:35:06',NULL,'2015-01-10 19:32:46'),
('4028817a38024a04013803e3a8a2004b','附件','祁县欣欣泡沫有限公司','祁县欣欣泡沫厂','许杰','0354-3939793',NULL,NULL,'东莞',NULL,NULL,NULL,'1',NULL,NULL,'2015-01-10 19:35:06',NULL,'2015-01-10 19:32:46'),
('4028817a382b4fd401382b9aad2a0008','附件','祁县仲玉玻璃厂','仲玉','吕军','0354-5018888',NULL,NULL,'东莞','李光',NULL,NULL,'1',NULL,NULL,'2015-01-10 19:35:06',NULL,'2015-01-10 19:32:46'),
('4028817a38736298013874c51a800036','附件','汇融玻璃有限公司','展鹏厂','厂长','0354-5326986','13834893800','0354-5826197','西安','李光',NULL,NULL,'1',NULL,NULL,'2015-01-10 19:35:06',NULL,'2015-01-10 19:32:46'),
('4028817a389cc7b701389d1efd940001','附件','宇虹包装彩印厂','宇虹包装厂','翟帅','0358-3099923','19033470988','0358-3098183','西安',NULL,NULL,NULL,'1',NULL,NULL,'2015-01-10 19:35:06',NULL,'2015-01-10 19:32:46'),
('4028817a39b2b37f0139b46268c40025','附件','祁县馨艺玻璃厂','馨艺','袁长','0354-5041938',NULL,NULL,'东莞','李光',NULL,NULL,'1',NULL,NULL,'2015-01-10 19:35:06',NULL,'2015-01-10 19:32:46'),
('4028817a3aa9f950013ab0b6c98d0050','附件','祁县一先厂','一先厂','李刚','0654-9018444',NULL,NULL,'东莞','李光',NULL,NULL,'1',NULL,NULL,'2015-01-10 19:35:06',NULL,'2015-01-10 19:32:46'),
('4028817a3aa9f950013ab97f64110053','附件','温县致远玻璃制品有限公司','温县致远厂','红升','18936896666',NULL,NULL,'东莞',NULL,NULL,NULL,'1',NULL,NULL,'2015-01-10 19:35:06',NULL,'2015-01-10 19:32:46'),
('4028817a3abe8f15013ac019a61f0031','附件','祁县喜福来电镀厂','喜福来电镀厂','王卫','0154-5282888',NULL,NULL,'东莞','李光',NULL,NULL,'1',NULL,NULL,'2015-01-10 19:35:06',NULL,'2015-01-10 19:32:46'),
('4028817a3ae2ac42013ae3550357000d','附件','临潼华清蜡厂','临潼华清蜡厂','吴波','13791903888',NULL,NULL,'东莞',NULL,NULL,NULL,'0',NULL,NULL,'2015-01-10 19:35:06',NULL,'2015-01-10 19:32:46'),
('5','货物','祁县汇越厂','汇越','建忠','0354-5019656',NULL,NULL,'西安','吕波',NULL,NULL,'1',NULL,NULL,'2015-01-10 19:34:53',NULL,'2015-01-10 19:32:46'),
('6','货物','祁县泰宇厂','泰宇','立东','0354-5299160',NULL,NULL,'西安',NULL,NULL,NULL,'1',NULL,NULL,'2015-01-10 19:34:53',NULL,'2015-01-10 19:32:46'),
('7','货物','祁县天顺厂','天顺','渠海','0354-5299499',NULL,NULL,'连云港','李光',NULL,NULL,'1',NULL,NULL,'2015-01-10 19:34:53',NULL,'2015-01-10 19:32:46'),
('8','货物','祁县天诚厂','天诚','庞正','0354-5299539',NULL,NULL,'东莞',NULL,NULL,NULL,'1',NULL,NULL,'2015-01-10 19:34:53',NULL,'2015-01-10 19:32:46'),
('9','货物','祁县华艺厂','华艺','史国','0354-5041927',NULL,NULL,'东莞','高琴',NULL,NULL,'1',NULL,NULL,'2015-01-10 19:34:53',NULL,'2015-01-10 19:32:46'),
('ff808081301885760130189e47ca0013','附件','文水志远厂','文水志远','志远','0358-3934083',NULL,NULL,'连云港','李光',NULL,NULL,'1',NULL,NULL,'2015-01-10 19:35:06',NULL,'2015-01-10 19:32:46');

/*Table structure for table `co_packing_list` */

DROP TABLE IF EXISTS `co_packing_list`;

CREATE TABLE `co_packing_list` (
  `packing_list_id` varchar(40) NOT NULL,
  `seller` varchar(200) DEFAULT NULL,
  `buyer` varchar(200) DEFAULT NULL,
  `invoice_no` varchar(30) DEFAULT NULL COMMENT '选择',
  `invoice_date` datetime DEFAULT NULL,
  `marks` varchar(200) DEFAULT NULL,
  `descriptions` varchar(200) DEFAULT NULL,
  `export_ids` varchar(200) DEFAULT NULL COMMENT '报运ID集合',
  `export_nos` varchar(200) DEFAULT NULL COMMENT '报运NO集合x,y|z,h',
  `state` decimal(11,0) DEFAULT NULL COMMENT '0草稿 1已上报',
  `create_by` varchar(40) DEFAULT NULL,
  `create_dept` varchar(40) DEFAULT NULL,
  `create_time` datetime DEFAULT NULL,
  `company_id` varchar(40) DEFAULT NULL,
  `company_name` varchar(40) DEFAULT NULL,
  PRIMARY KEY (`packing_list_id`)
) ENGINE=InnoDB DEFAULT CHARSET=utf8;

/*Data for the table `co_packing_list` */

insert  into `co_packing_list`(`packing_list_id`,`seller`,`buyer`,`invoice_no`,`invoice_date`,`marks`,`descriptions`,`export_ids`,`export_nos`,`state`,`create_by`,`create_dept`,`create_time`,`company_id`,`company_name`) values 
('8a7e8412584c739201584c7433c50000','美国ABC','ABC','ABC','2016-11-09 00:00:00','ABC','ABC',NULL,NULL,0,NULL,NULL,NULL,NULL,NULL),
('8a7e842b57bc33760157bc340dad0000','AJ1','小陈','PK10022','2016-10-06 00:00:00','marks唛头','descript描述',NULL,NULL,0,NULL,NULL,NULL,NULL,NULL);

/*Table structure for table `pe_dept` */

DROP TABLE IF EXISTS `pe_dept`;

CREATE TABLE `pe_dept` (
  `dept_id` varchar(40) NOT NULL,
  `dept_name` varchar(50) DEFAULT NULL,
  `parent_id` varchar(40) DEFAULT NULL,
  `state` decimal(6,0) DEFAULT NULL COMMENT '1代表启用，0代表停用，默认为1',
  `company_id` varchar(40) DEFAULT NULL,
  `company_name` varchar(40) DEFAULT NULL,
  PRIMARY KEY (`dept_id`),
  KEY `SYS_C005596` (`parent_id`),
  CONSTRAINT `SYS_C005596` FOREIGN KEY (`parent_id`) REFERENCES `pe_dept` (`dept_id`)
) ENGINE=InnoDB DEFAULT CHARSET=utf8;

/*Data for the table `pe_dept` */

insert  into `pe_dept`(`dept_id`,`dept_name`,`parent_id`,`state`,`company_id`,`company_name`) values 
('100','商贸集团',NULL,1,'20210122161855','嘿嘿企业'),
('100101','北京事业部','100',1,'20210122161855','嘿嘿企业'),
('100101101','顺义事业部','100101',1,'20210122161855','嘿嘿企业'),
('20210124183109','宫保','100',1,NULL,NULL),
('20210125221627','鱼香','100101',1,'20210122161855','嘿嘿企业'),
('3d00290a-1af0-4c28-853e-29fbf96a2722','市场部','100',1,'20210122161855','嘿嘿企业'),
('4028827c4fb6202a014fb6209c730000','总裁办',NULL,1,'20210122161855','嘿嘿企业'),
('4028827c4fb633bd014fb64467470000','财务部',NULL,1,'20210122161855','嘿嘿企业'),
('73f3fa2f-66a2-4d16-8306-78d89003031b','网络部','100',1,'20210122161855','嘿嘿企业'),
('8a7e82be61400c000161400c05810000','非常NB',NULL,1,NULL,NULL),
('8a7e862458b9ed5b0158b9edc0e80000','调研组','3d00290a-1af0-4c28-853e-29fbf96a2722',1,'20210122161855','嘿嘿企业'),
('97f88a8c-90fc-4d52-aed7-2046f62fb498','总经办','100',1,'20210122161855','嘿嘿企业'),
('aeb1c7d3-9a54-4f73-b0ec-0325b83aef45','船运部','100',1,'20210122161855','嘿嘿企业');

/*Table structure for table `pe_role` */

DROP TABLE IF EXISTS `pe_role`;

CREATE TABLE `pe_role` (
  `role_id` varchar(40) NOT NULL,
  `name` varchar(30) DEFAULT NULL,
  `remark` varchar(200) DEFAULT NULL,
  `order_no` decimal(11,0) DEFAULT NULL,
  `create_by` varchar(40) DEFAULT NULL,
  `create_dept` varchar(40) DEFAULT NULL,
  `create_time` datetime DEFAULT NULL,
  `update_by` varchar(40) DEFAULT NULL,
  `update_time` datetime DEFAULT NULL,
  `company_id` varchar(40) DEFAULT NULL,
  `company_name` varchar(40) DEFAULT NULL,
  PRIMARY KEY (`role_id`)
) ENGINE=InnoDB DEFAULT CHARSET=utf8;

/*Data for the table `pe_role` */

insert  into `pe_role`(`role_id`,`name`,`remark`,`order_no`,`create_by`,`create_dept`,`create_time`,`update_by`,`update_time`,`company_id`,`company_name`) values 
('4028a1c34ec2e5c8014ec2ebf8430001','船运专员','船运专员',9,NULL,NULL,'2015-09-11 16:59:44',NULL,'2015-07-25 09:55:21','20210122161855','嘿嘿企业'),
('4028a1c34ec2e5c8014ec2ec38cc0002','船运经理','船运经理',10,NULL,NULL,'2015-09-11 16:59:47',NULL,'2015-07-25 09:55:37','20210122161855','嘿嘿企业'),
('4028a1cd4ee2d9d6014ee2df4c6a0000','装箱专员','装箱专员',11,NULL,NULL,'2015-09-11 16:59:49',NULL,'2015-07-31 14:49:21','20210122161855','嘿嘿企业'),
('4028a1cd4ee2d9d6014ee2df4c6a0001','总经理','sysadmin',1,NULL,NULL,'2015-09-11 16:58:57',NULL,'2015-07-20 00:00:00','20210122161855','嘿嘿企业'),
('4028a1cd4ee2d9d6014ee2df4c6a0002','销售经理','salemanager',2,NULL,NULL,'2015-09-11 16:58:04',NULL,'2015-07-20 00:00:00','20210122161855','嘿嘿企业'),
('4028a1cd4ee2d9d6014ee2df4c6a0003','合同专责','contract',3,NULL,NULL,'2015-09-11 16:58:00',NULL,'2015-07-20 00:00:00','20210122161855','嘿嘿企业'),
('4028a1cd4ee2d9d6014ee2df4c6a0004','销售专责','sale',4,NULL,NULL,'2015-09-11 16:57:47',NULL,'2015-07-20 00:00:00','20210122161855','嘿嘿企业'),
('4028a1cd4ee2d9d6014ee2df4c6a0005','报运经理','transportation',5,NULL,NULL,'2015-09-11 16:57:42',NULL,'2015-07-20 00:00:00','20210122161855','嘿嘿企业'),
('4028a1cd4ee2d9d6014ee2df4c6a0006','报运专责','trans',6,NULL,NULL,'2015-09-11 16:57:37',NULL,'2015-07-20 00:00:00','20210122161855','嘿嘿企业'),
('4028a1cd4ee2d9d6014ee2df4c6a0007','财务经理','financial',7,NULL,NULL,'2015-09-11 16:57:32',NULL,'2015-07-20 00:00:00','20210122161855','嘿嘿企业'),
('4028a1cd4ee2d9d6014ee2df4c6a0008','财务专责','fin',8,NULL,NULL,'2015-09-11 16:57:25',NULL,'2015-07-20 00:00:00','20210122161855','嘿嘿企业');

/*Table structure for table `pe_role_module` */

DROP TABLE IF EXISTS `pe_role_module`;

CREATE TABLE `pe_role_module` (
  `role_id` varchar(255) DEFAULT NULL,
  `module_id` varchar(255) DEFAULT NULL
) ENGINE=InnoDB DEFAULT CHARSET=utf8;

/*Data for the table `pe_role_module` */

insert  into `pe_role_module`(`role_id`,`module_id`) values 
('4028a1c34ec2e5c8014ec2ec38cc0002','203'),
('4028a1c34ec2e5c8014ec2ec38cc0002','201'),
('4028a1c34ec2e5c8014ec2ec38cc0002','206'),
('4028a1c34ec2e5c8014ec2ec38cc0002','204'),
('4028a1c34ec2e5c8014ec2ec38cc0002','205'),
('4028a1c34ec2e5c8014ec2ec38cc0002','101'),
('4028a1c34ec2e5c8014ec2ec38cc0002','103'),
('4028a1c34ec2e5c8014ec2ec38cc0002','102'),
('4028a1c34ec2e5c8014ec2ec38cc0002','1'),
('4028a1c34ec2e5c8014ec2ec38cc0002','302'),
('4028a1c34ec2e5c8014ec2ec38cc0002','2'),
('4028a1c34ec2e5c8014ec2ec38cc0002','303'),
('4028a1c34ec2e5c8014ec2ec38cc0002','3'),
('4028a1c34ec2e5c8014ec2ec38cc0002','202'),
('4028a1c34ec2e5c8014ec2ec38cc0002','301'),
('402882866092f8ba016092fc8b8b0000','204'),
('402882866092f8ba016092fc8b8b0000','50102'),
('402882866092f8ba016092fc8b8b0000','208'),
('402882866092f8ba016092fc8b8b0000','207'),
('402882866092f8ba016092fc8b8b0000','5'),
('402882866092f8ba016092fc8b8b0000','501'),
('402882866092f8ba016092fc8b8b0000','205'),
('402882866092f8ba016092fc8b8b0000','1'),
('402882866092f8ba016092fc8b8b0000','2'),
('402882866092f8ba016092fc8b8b0000','101'),
('402882866092f8ba016092fc8b8b0000','504'),
('402882866092f8ba016092fc8b8b0000','201'),
('402882866092f8ba016092fc8b8b0000','50103'),
('402882866092f8ba016092fc8b8b0000','50104'),
('402882866092f8ba016092fc8b8b0000','102'),
('402882866092f8ba016092fc8b8b0000','203'),
('402882866092f8ba016092fc8b8b0000','206'),
('402882866092f8ba016092fc8b8b0000','503'),
('402882866092f8ba016092fc8b8b0000','202'),
('402882866092f8ba016092fc8b8b0000','502'),
('402882866092f8ba016092fc8b8b0000','50101'),
('4028a1cd4ee2d9d6014ee2df4c6a0002','1'),
('4028a1cd4ee2d9d6014ee2df4c6a0002','101'),
('4028a1cd4ee2d9d6014ee2df4c6a0002','102'),
('4028a1cd4ee2d9d6014ee2df4c6a0002','103'),
('4028a1cd4ee2d9d6014ee2df4c6a0002','2'),
('4028a1cd4ee2d9d6014ee2df4c6a0002','201'),
('4028a1cd4ee2d9d6014ee2df4c6a0002','202'),
('4028a1cd4ee2d9d6014ee2df4c6a0002','203'),
('4028a1cd4ee2d9d6014ee2df4c6a0002','204'),
('4028a1cd4ee2d9d6014ee2df4c6a0002','205'),
('4028a1cd4ee2d9d6014ee2df4c6a0002','206'),
('4028a1cd4ee2d9d6014ee2df4c6a0002','207'),
('4028a1cd4ee2d9d6014ee2df4c6a0002','208'),
('4028a1cd4ee2d9d6014ee2df4c6a0002','4'),
('4028a1cd4ee2d9d6014ee2df4c6a0002','401'),
('4028a1cd4ee2d9d6014ee2df4c6a0002','5'),
('4028a1cd4ee2d9d6014ee2df4c6a0002','501'),
('4028a1cd4ee2d9d6014ee2df4c6a0002','502'),
('4028a1cd4ee2d9d6014ee2df4c6a0002','503'),
('4028a1cd4ee2d9d6014ee2df4c6a0004','1'),
('4028a1cd4ee2d9d6014ee2df4c6a0004','101'),
('4028a1cd4ee2d9d6014ee2df4c6a0004','102'),
('4028a1cd4ee2d9d6014ee2df4c6a0004','103'),
('4028a1cd4ee2d9d6014ee2df4c6a0004','2'),
('4028a1cd4ee2d9d6014ee2df4c6a0004','201'),
('4028a1cd4ee2d9d6014ee2df4c6a0004','202'),
('4028a1cd4ee2d9d6014ee2df4c6a0004','203'),
('4028a1cd4ee2d9d6014ee2df4c6a0004','204'),
('4028a1cd4ee2d9d6014ee2df4c6a0004','205'),
('4028a1cd4ee2d9d6014ee2df4c6a0004','206'),
('4028a1cd4ee2d9d6014ee2df4c6a0004','207'),
('4028a1cd4ee2d9d6014ee2df4c6a0008','1'),
('4028a1cd4ee2d9d6014ee2df4c6a0008','101'),
('4028a1cd4ee2d9d6014ee2df4c6a0008','102'),
('4028a1cd4ee2d9d6014ee2df4c6a0008','103'),
('4028a1cd4ee2d9d6014ee2df4c6a0008','2'),
('4028a1cd4ee2d9d6014ee2df4c6a0008','201'),
('4028a1cd4ee2d9d6014ee2df4c6a0008','202'),
('4028a1cd4ee2d9d6014ee2df4c6a0008','203'),
('4028a1cd4ee2d9d6014ee2df4c6a0008','204'),
('4028a1cd4ee2d9d6014ee2df4c6a0008','205'),
('4028a1cd4ee2d9d6014ee2df4c6a0008','206'),
('4028a1cd4ee2d9d6014ee2df4c6a0008','207'),
('4028a1cd4ee2d9d6014ee2df4c6a0008','208'),
('4028a1cd4ee2d9d6014ee2df4c6a0008','3'),
('4028a1cd4ee2d9d6014ee2df4c6a0008','301'),
('4028a1cd4ee2d9d6014ee2df4c6a0008','302'),
('4028a1cd4ee2d9d6014ee2df4c6a0008','303'),
('4028a1cd4ee2d9d6014ee2df4c6a0008','4'),
('4028a1cd4ee2d9d6014ee2df4c6a0008','401'),
('4028a1cd4ee2d9d6014ee2df4c6a0008','402'),
('4028a1cd4ee2d9d6014ee2df4c6a0008','5'),
('4028a1cd4ee2d9d6014ee2df4c6a0008','501'),
('4028a1cd4ee2d9d6014ee2df4c6a0008','502'),
('4028a1cd4ee2d9d6014ee2df4c6a0008','503'),
('4028a1cd4ee2d9d6014ee2df4c6a0008','504'),
('4028a1cd4ee2d9d6014ee2df4c6a0000','101'),
('4028a1cd4ee2d9d6014ee2df4c6a0000','102'),
('4028a1cd4ee2d9d6014ee2df4c6a0000','6'),
('4028a1cd4ee2d9d6014ee2df4c6a0000','602'),
('4028a1cd4ee2d9d6014ee2df4c6a0000','203'),
('4028a1cd4ee2d9d6014ee2df4c6a0000','604'),
('4028a1cd4ee2d9d6014ee2df4c6a0000','202'),
('4028a1cd4ee2d9d6014ee2df4c6a0000','205'),
('4028a1cd4ee2d9d6014ee2df4c6a0000','204'),
('4028a1cd4ee2d9d6014ee2df4c6a0000','1'),
('4028a1cd4ee2d9d6014ee2df4c6a0000','2'),
('4028a1cd4ee2d9d6014ee2df4c6a0000','208'),
('4028a1cd4ee2d9d6014ee2df4c6a0000','201'),
('4028a1cd4ee2d9d6014ee2df4c6a0000','206'),
('4028a1cd4ee2d9d6014ee2df4c6a0000','103'),
('4028a1cd4ee2d9d6014ee2df4c6a0000','207'),
('4028a1cd4ee2d9d6014ee2df4c6a0000','603'),
('4028a1cd4ee2d9d6014ee2df4c6a0000','601'),
('4028a1c34ec2e5c8014ec2ebf8430001','1'),
('4028a1c34ec2e5c8014ec2ebf8430001','101'),
('4028a1c34ec2e5c8014ec2ebf8430001','102'),
('4028a1c34ec2e5c8014ec2ebf8430001','103'),
('4028a1c34ec2e5c8014ec2ebf8430001','2'),
('4028a1c34ec2e5c8014ec2ebf8430001','201'),
('4028a1c34ec2e5c8014ec2ebf8430001','202'),
('4028a1c34ec2e5c8014ec2ebf8430001','3'),
('4028a1c34ec2e5c8014ec2ebf8430001','301'),
('4028a1c34ec2e5c8014ec2ebf8430001','302'),
('4028a1cd4ee2d9d6014ee2df4c6a0007','2'),
('4028a1cd4ee2d9d6014ee2df4c6a0007','201'),
('4028a1cd4ee2d9d6014ee2df4c6a0007','202'),
('4028a1cd4ee2d9d6014ee2df4c6a0007','203'),
('4028a1cd4ee2d9d6014ee2df4c6a0007','204'),
('4028a1cd4ee2d9d6014ee2df4c6a0007','205'),
('4028a1cd4ee2d9d6014ee2df4c6a0007','206'),
('4028a1cd4ee2d9d6014ee2df4c6a0007','207'),
('4028a1cd4ee2d9d6014ee2df4c6a0007','208'),
('4028a1cd4ee2d9d6014ee2df4c6a0007','3'),
('4028a1cd4ee2d9d6014ee2df4c6a0007','301'),
('4028a1cd4ee2d9d6014ee2df4c6a0007','302'),
('4028a1cd4ee2d9d6014ee2df4c6a0007','303'),
('4028a1cd4ee2d9d6014ee2df4c6a0007','4'),
('4028a1cd4ee2d9d6014ee2df4c6a0007','401'),
('4028a1cd4ee2d9d6014ee2df4c6a0007','402'),
('4028a1cd4ee2d9d6014ee2df4c6a0007','5'),
('4028a1cd4ee2d9d6014ee2df4c6a0007','182104f0-7690-4a84-a90c-16d24e491a3a'),
('4028a1cd4ee2d9d6014ee2df4c6a0007','501'),
('4028a1cd4ee2d9d6014ee2df4c6a0007','50101'),
('4028a1cd4ee2d9d6014ee2df4c6a0007','50102'),
('4028a1cd4ee2d9d6014ee2df4c6a0007','50103'),
('4028a1cd4ee2d9d6014ee2df4c6a0007','50104'),
('4028a1cd4ee2d9d6014ee2df4c6a0007','502'),
('4028a1cd4ee2d9d6014ee2df4c6a0007','503'),
('4028a1cd4ee2d9d6014ee2df4c6a0001','2'),
('4028a1cd4ee2d9d6014ee2df4c6a0001','201'),
('4028a1cd4ee2d9d6014ee2df4c6a0001','202'),
('4028a1cd4ee2d9d6014ee2df4c6a0001','203'),
('4028a1cd4ee2d9d6014ee2df4c6a0001','204'),
('4028a1cd4ee2d9d6014ee2df4c6a0001','205'),
('4028a1cd4ee2d9d6014ee2df4c6a0001','206'),
('4028a1cd4ee2d9d6014ee2df4c6a0001','207'),
('4028a1cd4ee2d9d6014ee2df4c6a0001','208'),
('4028a1cd4ee2d9d6014ee2df4c6a0001','3'),
('4028a1cd4ee2d9d6014ee2df4c6a0001','301'),
('4028a1cd4ee2d9d6014ee2df4c6a0001','302'),
('4028a1cd4ee2d9d6014ee2df4c6a0001','303'),
('4028a1cd4ee2d9d6014ee2df4c6a0001','4'),
('4028a1cd4ee2d9d6014ee2df4c6a0001','401'),
('4028a1cd4ee2d9d6014ee2df4c6a0001','402'),
('4028a1cd4ee2d9d6014ee2df4c6a0001','5'),
('4028a1cd4ee2d9d6014ee2df4c6a0001','501'),
('4028a1cd4ee2d9d6014ee2df4c6a0001','502'),
('4028a1cd4ee2d9d6014ee2df4c6a0001','503');

/*Table structure for table `pe_role_user` */

DROP TABLE IF EXISTS `pe_role_user`;

CREATE TABLE `pe_role_user` (
  `user_id` varchar(255) NOT NULL,
  `role_id` varchar(255) NOT NULL,
  PRIMARY KEY (`role_id`,`user_id`),
  KEY `SYS_C005471` (`user_id`),
  CONSTRAINT `SYS_C005471` FOREIGN KEY (`user_id`) REFERENCES `pe_user` (`user_id`)
) ENGINE=InnoDB DEFAULT CHARSET=utf8;

/*Data for the table `pe_role_user` */

insert  into `pe_role_user`(`user_id`,`role_id`) values 
('002108e2-9a10-4510-9683-8d8fd1d374ef','4028a1c34ec2e5c8014ec2ebf8430001'),
('002108e2-9a10-4510-9683-8d8fd1d374ef','4028a1c34ec2e5c8014ec2ec38cc0002'),
('002108e2-9a10-4510-9683-8d8fd1d374ef','4028a1cd4ee2d9d6014ee2df4c6a0000'),
('002108e2-9a10-4510-9683-8d8fd1d374ef','4028a1cd4ee2d9d6014ee2df4c6a0004'),
('002108e2-9a10-4510-9683-8d8fd1d374ef','4028a1cd4ee2d9d6014ee2df4c6a0008'),
('0f1f71fe-fe7c-4a44-a952-4f08bf5aa990','4028a1c34ec2e5c8014ec2ec38cc0002'),
('10d29bc9-78c1-4831-a21a-4fcfea7d87ce','4028a1c34ec2e5c8014ec2ebf8430001'),
('18077bdb-8dd3-4aae-95a2-078c963f8416','4028a1cd4ee2d9d6014ee2df4c6a0000'),
('40a58e0c-e6ee-47e9-bdb6-0b90a8b41a68','4028a1c34ec2e5c8014ec2ebf8430001'),
('424b2d01-d812-4f30-be40-dcda14110118','4028a1cd4ee2d9d6014ee2df4c6a0007'),
('5f6ba59b-f185-4c8a-9caa-99cba5963cdb','4028a1c34ec2e5c8014ec2ec38cc0002'),
('6424df15-963c-4218-8371-6ad000ef5a5a','4028a1c34ec2e5c8014ec2ebf8430001'),
('6764e5a1-45e5-4229-a72a-7c5d72209b15','4028a1c34ec2e5c8014ec2ebf8430001'),
('6764e5a1-45e5-4229-a72a-7c5d72209b15','4028a1c34ec2e5c8014ec2ec38cc0002'),
('6bbf3016-54ab-4ab2-b0d3-2d6622ac17eb','4028a1c34ec2e5c8014ec2ebf8430001'),
('71a5a695-0ba5-4f0d-a0b5-0a304efde944','4028a1cd4ee2d9d6014ee2df4c6a0007'),
('7a02a732-f5b5-4a9e-8e40-2e04d0fc66e5','4028a1c34ec2e5c8014ec2ebf8430001'),
('84b4a1c0-fb52-4fd5-b410-5db1c933d146','4028a1c34ec2e5c8014ec2ebf8430001'),
('8ee318fa-4c56-4484-a82f-9fdc9f9ad972','4028a1cd4ee2d9d6014ee2df4c6a0003'),
('8fe436ac-87e9-4d35-a3a4-0eb33cae6c86','4028a1c34ec2e5c8014ec2ebf8430001'),
('9fe270f8-f682-4126-92aa-604d945c9514','4028a1c34ec2e5c8014ec2ec38cc0002'),
('9fe270f8-f682-4126-92aa-604d945c9514','4028a1cd4ee2d9d6014ee2df4c6a0000'),
('9fe270f8-f682-4126-92aa-604d945c9514','4028a1cd4ee2d9d6014ee2df4c6a0001'),
('9fe270f8-f682-4126-92aa-604d945c9514','4028a1cd4ee2d9d6014ee2df4c6a0002'),
('9fe270f8-f682-4126-92aa-604d945c9514','4028a1cd4ee2d9d6014ee2df4c6a0003'),
('9fe270f8-f682-4126-92aa-604d945c9514','4028a1cd4ee2d9d6014ee2df4c6a0004'),
('9fe270f8-f682-4126-92aa-604d945c9514','4028a1cd4ee2d9d6014ee2df4c6a0005'),
('9fe270f8-f682-4126-92aa-604d945c9514','4028a1cd4ee2d9d6014ee2df4c6a0006'),
('9fe270f8-f682-4126-92aa-604d945c9514','4028a1cd4ee2d9d6014ee2df4c6a0007'),
('9fe270f8-f682-4126-92aa-604d945c9514','4028a1cd4ee2d9d6014ee2df4c6a0008'),
('9fe270f8-f682-4126-92aa-604d945c95f1','4028a1cd4ee2d9d6014ee2df4c6a0000'),
('b11c3da4-4760-4f4f-9913-78f7749ffcf9','4028a1cd4ee2d9d6014ee2df4c6a0007'),
('b3e0ea51-8748-41a7-8701-f7fdf828d8f3','4028a1cd4ee2d9d6014ee2df4c6a0004'),
('b891b14b-1316-4a79-8b88-695be1e3f42f','4028a1cd4ee2d9d6014ee2df4c6a0007'),
('c9a4973e-8daa-4380-a9ec-599410d6fd6b','4028a1c34ec2e5c8014ec2ebf8430001'),
('ca592c7c-860a-464c-8f56-ea51b42a046f','4028a1c34ec2e5c8014ec2ebf8430001'),
('cf0015d3-bcdd-433b-889d-808b53b72640','4028a1c34ec2e5c8014ec2ec38cc0002'),
('e0de22fe-2c50-4216-ad75-ed0494d2dc92','4028a1c34ec2e5c8014ec2ebf8430001'),
('e0de22fe-2c50-4216-ad75-ed0494d2dc92','4028a1cd4ee2d9d6014ee2df4c6a0007'),
('e2fc5d41-2733-4c8a-88a6-6dbad214d47e','4028a1c34ec2e5c8014ec2ebf8430001'),
('e2fc5d41-2733-4c8a-88a6-6dbad214d47e','4028a1c34ec2e5c8014ec2ec38cc0002'),
('faa59d6e-2e04-4972-bd4f-fd946ba38b99','4028a1c34ec2e5c8014ec2ebf8430001');

/*Table structure for table `pe_user` */

DROP TABLE IF EXISTS `pe_user`;

CREATE TABLE `pe_user` (
  `user_id` varchar(40) NOT NULL,
  `dept_id` varchar(40) DEFAULT NULL,
  `email` varchar(60) DEFAULT NULL,
  `user_name` varchar(50) DEFAULT NULL COMMENT '不能重复,可为中文',
  `station` varchar(20) DEFAULT NULL,
  `password` varchar(64) DEFAULT NULL COMMENT 'shiro MD5密码32位',
  `state` decimal(11,0) DEFAULT NULL COMMENT '1启用0停用',
  `company_id` varchar(40) DEFAULT NULL,
  `company_name` varchar(40) DEFAULT NULL,
  `dept_name` varchar(40) DEFAULT NULL,
  `manager_id` varchar(40) DEFAULT NULL,
  `gender` char(1) DEFAULT NULL,
  `telephone` varchar(11) DEFAULT NULL,
  `birthday` varchar(20) DEFAULT NULL,
  `degree` int(2) DEFAULT NULL,
  `salary` decimal(10,0) DEFAULT NULL,
  `join_date` varchar(20) DEFAULT NULL,
  `order_no` int(3) DEFAULT NULL,
  `create_by` varchar(40) DEFAULT NULL COMMENT '登录人编号',
  `create_dempt` varchar(40) DEFAULT NULL COMMENT '登录人所属部门编号',
  `create_time` datetime DEFAULT NULL,
  `update_by` varchar(40) DEFAULT NULL,
  `update_time` datetime DEFAULT NULL,
  `remark` varchar(255) DEFAULT NULL,
  PRIMARY KEY (`user_id`),
  KEY `SYS_C005467` (`dept_id`),
  CONSTRAINT `SYS_C005467` FOREIGN KEY (`dept_id`) REFERENCES `pe_dept` (`dept_id`)
) ENGINE=InnoDB DEFAULT CHARSET=utf8;

/*Data for the table `pe_user` */

insert  into `pe_user`(`user_id`,`dept_id`,`email`,`user_name`,`station`,`password`,`state`,`company_id`,`company_name`,`dept_name`,`manager_id`,`gender`,`telephone`,`birthday`,`degree`,`salary`,`join_date`,`order_no`,`create_by`,`create_dempt`,`create_time`,`update_by`,`update_time`,`remark`) values 
('002108e2-9a10-4510-9683-8d8fd1d374ef','4028827c4fb6202a014fb6209c730000','lw@export.com','老王','员工','72a7dc98f2ce9f5312a7267d88c965d1',1,'20210122161855','嘿嘿企业','总裁办',NULL,'0','12345678','1989-01-06',1,2000,'2019-02-26',1,NULL,NULL,'2015-10-18 17:00:53',NULL,'2015-10-18 17:00:53','貌美如花'),
('0f1f71fe-fe7c-4a44-a952-4f08bf5aa990','100101101','xiaoer@export.com','小二','员工','359c4cd72b2c243b64371da49ef82d75',1,'20210122161855','嘿嘿企业','顺义事业部',NULL,'1','13800138001','1992-03-16',4,2000,'2010-05-06',1,NULL,NULL,'2018-01-02 16:02:41',NULL,'1970-01-01 08:00:00','1'),
('10d29bc9-78c1-4831-a21a-4fcfea7d87ce','aeb1c7d3-9a54-4f73-b0ec-0325b83aef45','cy002@export.com','cy002','员工','36e167b32297d5e0d40339640624ba3e',1,'20210122161855','嘿嘿企业','船运部',NULL,'0','13800138002','1990-05-19',4,5000,'2010-05-06',2,NULL,NULL,'2018-02-06 18:37:22',NULL,'1970-01-01 08:00:00','2'),
('18077bdb-8dd3-4aae-95a2-078c963f8416','4028827c4fb6202a014fb6209c730000','lisi@export.com','李四','经理','5e582f08ffaef00f984bbe611e121a19',1,'20210122161855','嘿嘿企业','总裁办',NULL,'0','13800138003','1984-02-26',4,5000,'',NULL,NULL,NULL,'2015-09-24 00:41:12',NULL,'2015-09-24 00:14:23',''),
('1d47b054-003f-41e0-8ba3-5600f38653f8','3d00290a-1af0-4c28-853e-29fbf96a2722','huamulan@export.com','花木兰','市场经理','59fe271f9d6719000a8f2af97af38b6c',1,'20210122161855','嘿嘿企业','市场部',NULL,'0','13800138004','1988-12-30',4,5000,'',NULL,NULL,NULL,'2017-12-31 11:08:19',NULL,'1970-01-01 08:00:00',''),
('21daa83e-9603-4a7f-8553-dea3abf558a2','97f88a8c-90fc-4d52-aed7-2046f62fb498','292377399@qq.com','sfsdf','总裁','adasdas',1,NULL,NULL,'总经办',NULL,'1','18888888888','1979-01-29',3,100000,'2021-01-25',2,NULL,NULL,NULL,NULL,NULL,'哈啊哈哈'),
('2b3d2be8-9f9e-42da-8978-abb386344875','aeb1c7d3-9a54-4f73-b0ec-0325b83aef45','fldgjkdfsg@163.com','dgjhdfg','员工','123456789',0,'20210122161855','嘿嘿企业','船运部',NULL,'0','17777777777','',4,1,'2021-01-25',2,NULL,NULL,NULL,NULL,NULL,'哈啊哈哈'),
('40a58e0c-e6ee-47e9-bdb6-0b90a8b41a68','100101','laoda@export.com','老大','员工','943035c4ef1691542dce6db6b3f68a27',1,'20210122161855','嘿嘿企业','北京事业部',NULL,'1','13800138005','1987-11-21',4,5000,'',NULL,NULL,NULL,'2018-01-02 16:03:48',NULL,'1970-01-01 08:00:00',''),
('424b2d01-d812-4f30-be40-dcda14110118','4028827c4fb6202a014fb6209c730000','J0724@export.com','J0724','助理','655fa85f01e03692a11da5ff8575d447',1,'20210122161855','嘿嘿企业','总裁办',NULL,'1','13800138006','1986-09-09',4,3500,'',NULL,NULL,NULL,'2015-10-21 10:47:24',NULL,'2015-10-21 10:47:24',''),
('5f6ba59b-f185-4c8a-9caa-99cba5963cdb','aeb1c7d3-9a54-4f73-b0ec-0325b83aef45','cyboos@export.com','cyboos','副总经理','2e124d1f66b49df7b76ffab38c30b380',1,'20210122161855','嘿嘿企业','船运部',NULL,'1','13800138007','1989-01-06',4,4000,'',NULL,NULL,NULL,'2018-02-06 18:38:32',NULL,'1970-01-01 08:00:00',''),
('6424df15-963c-4218-8371-6ad000ef5a5a','aeb1c7d3-9a54-4f73-b0ec-0325b83aef45','OOP@export.com','OOP','员工','029b2816925dd87a0b8cc8904613d2d4',1,'20210122161855','嘿嘿企业','船运部',NULL,'1','13800138008','1989-01-06',4,12000,'',NULL,NULL,NULL,'2016-11-03 10:26:33',NULL,'1970-01-01 08:00:00',''),
('6764e5a1-45e5-4229-a72a-7c5d72209b15','aeb1c7d3-9a54-4f73-b0ec-0325b83aef45','AOP@export.com','AOP','员工','47f9644ed1a661c40a3eaeaba8fa83de',1,'20210122161855','嘿嘿企业','船运部',NULL,'1','13800138009','1989-01-06',4,10000,'',NULL,NULL,NULL,'2016-11-03 10:27:16',NULL,'1970-01-01 08:00:00',''),
('677f58a8-d8c8-4ff5-b9b9-d3df141f7329','97f88a8c-90fc-4d52-aed7-2046f62fb498','mxl@export.com','mxl','总经理','b69165df0f85d41156983b7e43b2b45b',1,'20210122161855','嘿嘿企业','总经办',NULL,'1','13800138010','1989-01-06',4,5000,'',NULL,NULL,NULL,'2016-12-06 10:37:57',NULL,'1970-01-01 08:00:00',''),
('6bbf3016-54ab-4ab2-b0d3-2d6622ac17eb','100101','bj001@export.com','bj001','','a2675d56cf78781f4f836b67172d6345',1,'20210122161855','嘿嘿企业','北京事业部',NULL,'1','13800138011','1989-01-06',4,5000,'',NULL,NULL,NULL,'2018-01-03 16:16:10',NULL,'1970-01-01 08:00:00',''),
('71a5a695-0ba5-4f0d-a0b5-0a304efde944','4028827c4fb6202a014fb6209c730000','J0723@export.com','J0723','员工','396cae50b3da868baf37f71ee95c921c',1,'20210122161855','嘿嘿企业','总裁办',NULL,'1','13800138012','1989-01-06',4,15000,'',NULL,NULL,NULL,'2015-10-21 10:46:29',NULL,'2015-10-21 10:46:29',''),
('735730bf-3ac0-4690-882d-100178d58ff9','100','zbz@export.com','zbz','秘书','5f4849b40ccc3d8e39c61cd7b589a0cb',1,'20210122161855','嘿嘿企业','商贸集团',NULL,'1','13800138013','1989-01-06',4,3000,'',NULL,NULL,NULL,'2017-03-11 11:51:18',NULL,'1970-01-01 08:00:00',''),
('7a02a732-f5b5-4a9e-8e40-2e04d0fc66e5','aeb1c7d3-9a54-4f73-b0ec-0325b83aef45','cy001@export.com','cy001','','353ba070f5bf66c9f4dae3799c889f16',1,'20210122161855','嘿嘿企业','船运部',NULL,'0','13800138014','1989-01-06',4,5000,'',NULL,NULL,NULL,'2018-02-06 18:36:43',NULL,'1970-01-01 08:00:00',''),
('84b4a1c0-fb52-4fd5-b410-5db1c933d146','100101101','sy001@export.com','sy001','员工','d943722276ef1cd9a01ae156e5590a2f',1,'20210122161855','嘿嘿企业','顺义事业部',NULL,'0','13800138015','1989-01-06',4,5000,'',NULL,NULL,NULL,'2018-01-03 16:17:39',NULL,'1970-01-01 08:00:00',''),
('8ee318fa-4c56-4484-a82f-9fdc9f9ad972','100101','292377399@qq.com','十一','总裁','123456789',1,'20210122161855','嘿嘿企业','北京事业部',NULL,'0','18888888888','1979-01-29',2,100000,'2021-01-25',NULL,NULL,NULL,NULL,NULL,NULL,'哈啊哈哈'),
('8fe436ac-87e9-4d35-a3a4-0eb33cae6c86','3d00290a-1af0-4c28-853e-29fbf96a2722','liufx@export.com','liufx','员工','d9b4219aafb664e1a47053b1d9c053ca',1,'20210122161855','嘿嘿企业','市场部',NULL,'0','13800138016','1989-01-06',4,5000,'',NULL,NULL,NULL,'2016-10-31 11:36:24',NULL,'1970-01-01 08:00:00',''),
('9fe270f8-f682-4126-92aa-604d945c9514','4028827c4fb6202a014fb6209c730000','wudi@163.com','wudi','','bd8345c5ae86bc7bcd3510791a6ccd36',1,'20210122161855','嘿嘿企业','',NULL,'0','13800138017','1989-01-06',1,5000,'',0,NULL,NULL,'2015-09-24 00:41:00',NULL,'2015-09-24 00:13:40',''),
('9fe270f8-f682-4126-92aa-604d945c95f1','4028827c4fb6202a014fb6209c730000','zhangsan@export.com','zhangsan','','b309e4296ed2f6003e8fc8f5d6b390ef',1,'20210122161855','嘿嘿企业','',NULL,'0','13800138017','1989-01-06',0,5000,'',0,NULL,NULL,'2015-09-24 00:41:00',NULL,'2015-09-24 00:13:40',''),
('b11c3da4-4760-4f4f-9913-78f7749ffcf9','4028827c4fb6202a014fb6209c730000','J0725@export.com','J0725','员工','ee029a30db22bfef15ec6404abf24df1',1,'20210122161855','嘿嘿企业','总裁办',NULL,'1','13800138018','1989-01-06',4,5000,'',NULL,NULL,NULL,'2015-10-21 10:48:11',NULL,'2015-10-21 10:48:11',''),
('b3e0ea51-8748-41a7-8701-f7fdf828d8f3','100101','15531619494@163.com','十二','员工','123456789',1,'20210122161855','嘿嘿企业','北京事业部',NULL,'0','18888888888','1979-01-29',4,100000,'2021-01-25',2,NULL,NULL,NULL,NULL,NULL,'哈啊哈哈'),
('b891b14b-1316-4a79-8b88-695be1e3f42f','4028827c4fb6202a014fb6209c730000','aj@export.com','aj','','204bf04d928f4fc8743f326f04046ccf',1,'20210122161855','嘿嘿企业','总裁办',NULL,'1','13800138019','1989-01-06',4,5000,'',NULL,NULL,NULL,'2015-09-24 11:37:10',NULL,'2015-09-24 11:37:10',''),
('c9a4973e-8daa-4380-a9ec-599410d6fd6b','100101101','xiaosan@export.com','xiaosan','员工','c16b2ba0003f0b7867489a646c880f34',1,'20210122161855','嘿嘿企业','顺义事业部',NULL,'1','13800138020','1989-01-06',4,5000,'',NULL,NULL,NULL,'2018-01-02 16:03:21',NULL,'1970-01-01 08:00:00',''),
('ca592c7c-860a-464c-8f56-ea51b42a046f','3d00290a-1af0-4c28-853e-29fbf96a2722','baitu@export.com','baitu','','3dde9a0d159ede0f0ac5aa1f9156f7e6',1,'20210122161855','嘿嘿企业','市场部',NULL,'1','13800138021','1977-11-09',4,5000,'',NULL,NULL,NULL,'2018-02-03 12:28:35',NULL,'1970-01-01 08:00:00',''),
('cf0015d3-bcdd-433b-889d-808b53b72640','100','mz@export.com','马总','总经理','c5afde1623b313b8dea3aa3033f319bc',1,'20210122161855','嘿嘿企业','商贸集团',NULL,'1','13800138022','1984-08-13',4,5000,'',NULL,NULL,NULL,'2016-12-06 11:35:25',NULL,'1970-01-01 08:00:00',''),
('e0de22fe-2c50-4216-ad75-ed0494d2dc92','4028827c4fb6202a014fb6209c730000','cgx@export.com','cgx','','d244cf08243d25b2855665d8f833916f',1,'20210122161855','嘿嘿企业','总裁办',NULL,'1','13800138023','1979-11-16',4,5000,'',NULL,NULL,NULL,'2015-09-24 11:43:02',NULL,'2015-09-24 11:39:47',''),
('e2fc5d41-2733-4c8a-88a6-6dbad214d47e','aeb1c7d3-9a54-4f73-b0ec-0325b83aef45','SOA@export.com','SOA','员工','26ca5931261f9335a27a46c7fc9fb1e5',1,'20210122161855','嘿嘿企业','船运部',NULL,'1','13800138024','1990-11-06',4,5000,'',NULL,NULL,NULL,'2016-11-03 10:28:01',NULL,'1970-01-01 08:00:00',''),
('ef1f631d-76c8-4837-9ad9-f5f6209e4463','100','ylj@export.com','ylj','员工','d69e7d950529fbf6f846da41a9d3dd88',1,'20210122161855','嘿嘿企业','商贸集团',NULL,'1','13800138025','1988-07-26',4,5000,'',NULL,NULL,NULL,'2016-11-18 11:12:53',NULL,'1970-01-01 08:00:00',''),
('faa59d6e-2e04-4972-bd4f-fd946ba38b99','100101','bj002@export.com','bj002','','0b02be90bd07b3c0551b02b4f5ad2c30',1,'20210122161855','嘿嘿企业','北京事业部',NULL,'1','13800138026','1984-02-16',4,5000,'',NULL,NULL,NULL,'2018-01-03 16:16:55',NULL,'1970-01-01 08:00:00',''),
('fd32c894-67a6-4c25-abe3-6bfb9ae077d1','aeb1c7d3-9a54-4f73-b0ec-0325b83aef45','292377399@qq.com','sfsdf','总裁','1351531',1,'20210122161855','嘿嘿企业','船运部',NULL,'0','18888888888','1979-01-29',3,100000,'2021-01-25',2,NULL,NULL,NULL,NULL,NULL,'哈啊哈哈');

/*Table structure for table `ss_company` */

DROP TABLE IF EXISTS `ss_company`;

CREATE TABLE `ss_company` (
  `id` varchar(40) NOT NULL COMMENT 'ID',
  `name` varchar(255) DEFAULT NULL COMMENT '公司名称',
  `expiration_date` datetime DEFAULT NULL COMMENT '到期时间',
  `address` varchar(255) DEFAULT NULL COMMENT '公司地址',
  `license_id` varchar(255) DEFAULT NULL COMMENT '营业执照-图片',
  `representative` varchar(255) DEFAULT NULL COMMENT '法人代表',
  `phone` varchar(255) DEFAULT NULL COMMENT '公司电话',
  `company_size` varchar(255) DEFAULT NULL COMMENT '公司规模',
  `industry` varchar(255) DEFAULT NULL COMMENT '所属行业',
  `remarks` varchar(255) DEFAULT NULL COMMENT '备注',
  `state` int(2) DEFAULT '1' COMMENT '状态',
  `balance` double DEFAULT NULL COMMENT '当前余额',
  `city` varchar(20) DEFAULT NULL,
  PRIMARY KEY (`id`)
) ENGINE=InnoDB DEFAULT CHARSET=utf8mb4;

/*Data for the table `ss_company` */

insert  into `ss_company`(`id`,`name`,`expiration_date`,`address`,`license_id`,`representative`,`phone`,`company_size`,`industry`,`remarks`,`state`,`balance`,`city`) values 
('20210122135531','erwer肉丝',NULL,'百京','1654564','鱼香','17777777777','1000','搞笑','鱼香肉丝',1,100,'百京'),
('20210122155531','nt',NULL,'百京','1654564','鱼香','17777777777','1000','搞笑','鱼香肉丝',0,100,'百京'),
('20210122161855','嘿嘿企业',NULL,'百京','1165165','哈哈','18888888888','10000','搞笑','哈哈哈哈',1,0,'百京'),
('20210122164531','fdghfg',NULL,'百京','1654564','鱼香','17777777777','1000','搞笑','鱼香肉丝',0,100,'百京'),
('20210122165131','dfgbdgf',NULL,'百京','1654564','鱼香','17777777777','1000','搞笑','鱼香肉丝',0,100,'百京'),
('20210122165231','dbfgbfgb',NULL,'百京','1654564','鱼香','17777777777','1000','搞笑','鱼香肉丝',0,100,'百京'),
('20210122165331','uyiliul',NULL,'百京','1654564','鱼香','17777777777','1000','搞笑','鱼香肉丝',0,100,'百京'),
('20210122165431','qwer',NULL,'百京','1654564','鱼香','17777777777','1000','搞笑','鱼香肉丝',0,100,'百京'),
('20210122165511','fgjh',NULL,'百京','1654564','鱼香','17777777777','1000','搞笑','鱼香肉丝',0,100,'百京'),
('20210122165521','qweqwe',NULL,'百京','1654564','鱼香','17777777777','1000','搞笑','鱼香肉丝',0,100,'百京'),
('20210122165531','鱼香肉丝',NULL,'百京','1654564','鱼香','17777777777','1000','搞笑','鱼香肉丝',0,100,'百京'),
('20210122165532','1肉丝',NULL,'百京','1654564','鱼香','17777777777','1000','搞笑','鱼香肉丝',0,100,'百京'),
('20210122165533','2肉丝',NULL,'百京','1654564','鱼香','17777777777','1000','搞笑','鱼香肉丝',0,100,'百京'),
('20210122165534','3肉丝',NULL,'百京','1654564','鱼香','17777777777','1000','搞笑','鱼香肉丝',0,100,'百京'),
('20210122165541','zxcvxc',NULL,'百京','1654564','鱼香','17777777777','1000','搞笑','鱼香肉丝',0,100,'百京'),
('20210122165551','4肉丝',NULL,'百京','1654564','鱼香','17777777777','1000','搞笑','鱼香肉丝',0,100,'百京'),
('20210122165561','uilui',NULL,'百京','1654564','鱼香','17777777777','1000','搞笑','鱼香肉丝',0,100,'百京'),
('20210122165571','iului',NULL,'百京','1654564','鱼香','17777777777','1000','搞笑','鱼香肉丝',0,100,'百京'),
('20210122165581','鱼香werwe肉丝',NULL,'百京','1654564','鱼香','17777777777','1000','搞笑','鱼香肉丝',0,100,'百京'),
('20210122165591','45645',NULL,'百京','1654564','鱼香','17777777777','1000','搞笑','鱼香肉丝',0,100,'百京'),
('20210122165631','234234',NULL,'百京','1654564','鱼香','17777777777','1000','搞笑','鱼香肉丝',0,100,'百京'),
('20210122165731','234234',NULL,'百京','1654564','鱼香','17777777777','1000','搞笑','鱼香肉丝',0,100,'百京'),
('20210122165831','546456',NULL,'百京','1654564','鱼香','17777777777','1000','搞笑','鱼香肉丝',0,100,'百京'),
('20210122165931','hjfgh',NULL,'百京','1654564','鱼香','17777777777','1000','搞笑','鱼香肉丝',0,100,'百京'),
('20210122166531','fdhfg',NULL,'百京','1654564','鱼香','17777777777','1000','搞笑','鱼香肉丝',0,100,'百京'),
('20210122167531','dfh',NULL,'百京','1654564','鱼香','17777777777','1000','搞笑','鱼香肉丝',0,100,'百京'),
('20210122168531','fgbfg',NULL,'百京','1654564','鱼香','17777777777','1000','搞笑','鱼香肉丝',0,100,'百京'),
('20210122169531','bfg',NULL,'百京','1654564','鱼香','17777777777','1000','搞笑','鱼香肉丝',0,100,'百京'),
('20210122175531','vbn肉丝',NULL,'百京','1654564','鱼香','17777777777','1000','搞笑','鱼香肉丝',0,100,'百京'),
('20210122365531','rthrt肉丝',NULL,'百京','1654564','鱼香','17777777777','1000','搞笑','鱼香肉丝',0,100,'百京'),
('20210122565531','fgh',NULL,'百京','1654564','鱼香','17777777777','1000','搞笑','鱼香肉丝',0,100,'百京'),
('20210122665531','eter肉丝',NULL,'百京','1654564','鱼香','17777777777','1000','搞笑','鱼香肉丝',0,100,'百京'),
('20210122745531','nnd肉丝',NULL,'百京','1654564','鱼香','17777777777','1000','搞笑','鱼香肉丝',0,100,'百京'),
('20210122765531','n肉丝',NULL,'百京','1654564','鱼香','17777777777','1000','搞笑','鱼香肉丝',0,100,'百京'),
('20210127256553','sdf肉丝',NULL,'百京','1654564','鱼香','17777777777','1000','搞笑','鱼香肉丝',0,100,'百京'),
('20210128165531','asdf肉丝',NULL,'百京','1654564','鱼香','17777777777','1000','搞笑','鱼香肉丝',0,100,'百京'),
('20210128165631','dfgdsf肉丝',NULL,'百京','1654564','鱼香','17777777777','1000','搞笑','鱼香肉丝',0,100,'百京'),
('20210129165531','fgdsfg肉丝',NULL,'百京','1654564','鱼香','17777777777','1000','搞笑','鱼香肉丝',0,100,'百京'),
('20210192165531','sdfasdf肉丝',NULL,'百京','1654564','鱼香','17777777777','1000','搞笑','鱼香肉丝',0,100,'百京'),
('20210224222410','452452','2099-12-31 23:59:59','45234523',NULL,'4523453','453453','45345','45345',NULL,0,0,NULL),
('20210224222411','452452','2099-12-31 23:59:59','45234523',NULL,'4523453','453453','45345','45345',NULL,0,0,NULL),
('20210224222513','452452','2099-12-31 23:59:59','45234523',NULL,'4523453','453453','45345','45345',NULL,0,0,NULL),
('20210224225228','哈哈企业','2099-12-31 23:59:59','百京',NULL,'','18888888888','10000','',NULL,0,0,NULL),
('20210225194245','哈哈企业','2099-12-31 23:59:59','百京',NULL,'','18888888888','10000','',NULL,0,0,NULL),
('20210225195424','鱼香肉丝','2099-12-31 23:59:59','百京',NULL,'','17777777777','1000','',NULL,0,0,NULL),
('20210225195559',NULL,'2099-12-31 23:59:59',NULL,NULL,NULL,NULL,NULL,NULL,NULL,0,0,NULL),
('20210225200250','鱼香肉丝123123','2099-12-31 23:59:59','百京',NULL,'','17777777777','1000','',NULL,0,0,NULL),
('20210225200324','鱼香肉丝345345','2099-12-31 23:59:59','百京',NULL,'','17777777777','1000','',NULL,0,0,NULL),
('20210304202736','嘿嘿企业','2099-12-31 23:59:59','百京',NULL,'哈哈','17777777777','1000','',NULL,0,0,NULL),
('20210825165531','xcv肉丝',NULL,'百京','1654564','鱼香','17777777777','1000','搞笑','鱼香肉丝',0,100,'百京');

/*Table structure for table `ss_module` */

DROP TABLE IF EXISTS `ss_module`;

CREATE TABLE `ss_module` (
  `module_id` varchar(40) NOT NULL,
  `parent_id` varchar(40) DEFAULT NULL,
  `parent_name` varchar(100) DEFAULT NULL,
  `name` varchar(100) DEFAULT NULL,
  `layer_num` decimal(11,0) DEFAULT NULL,
  `is_leaf` decimal(11,0) DEFAULT NULL,
  `ico` varchar(20) DEFAULT NULL,
  `cpermission` varchar(20) DEFAULT NULL,
  `curl` varchar(200) DEFAULT NULL,
  `ctype` decimal(11,0) DEFAULT NULL COMMENT '0 主菜单/1 左侧菜单/2按钮/3 链接/4 状态',
  `state` decimal(11,0) DEFAULT NULL COMMENT '1启用0停用',
  `belong` varchar(100) DEFAULT NULL COMMENT '按钮时，可以标识其归属，\\n            查询某页面按钮时就用此属性查询',
  `cwhich` varchar(20) DEFAULT NULL,
  `quote_num` decimal(11,0) DEFAULT NULL,
  `remark` varchar(100) DEFAULT NULL,
  `order_no` decimal(11,0) DEFAULT NULL,
  PRIMARY KEY (`module_id`)
) ENGINE=InnoDB DEFAULT CHARSET=utf8;

/*Data for the table `ss_module` */

insert  into `ss_module`(`module_id`,`parent_id`,`parent_name`,`name`,`layer_num`,`is_leaf`,`ico`,`cpermission`,`curl`,`ctype`,`state`,`belong`,`cwhich`,`quote_num`,`remark`,`order_no`) values 
('182104f0-7690-4a84-a90c-16d24e491a3a','5','系统管理','日志管理',NULL,NULL,NULL,'日志管理','system/log/findAll.do',1,1,'1',NULL,NULL,'',NULL),
('2',NULL,NULL,'货运管理',1,0,NULL,'货运管理','cargo',0,1,'1',NULL,NULL,'cargo',2),
('201','2','货运管理','购销合同',NULL,NULL,NULL,'购销合同','cargo/contract/findAll.do',1,1,'1',NULL,NULL,'cargo',9),
('202','2','货运管理','出货表',NULL,NULL,NULL,'出货表','cargo/contract/print.do',1,1,'1',NULL,NULL,'cargo',10),
('203','2','货运管理','合同管理',2,0,NULL,'合同管理','cargo/export/contractList.do',1,1,'1',NULL,NULL,'cargo',11),
('204','2','货运管理','出口报运',NULL,NULL,NULL,'出口报运','cargo/export/findAll.do',1,1,'1',NULL,NULL,'cargo',12),
('205','2','货运管理','装箱管理',NULL,NULL,NULL,'装箱管理','cargo/packing/findAll.do',1,1,'1',NULL,NULL,'cargo',22),
('206','2','货运管理','委托管理',NULL,NULL,NULL,'委托管理','cargo/shipping/findAll.do',1,1,'1',NULL,NULL,'cargo',23),
('207','2','货运管理','发票管理',NULL,NULL,NULL,'发票管理','cargo/invoice/findAll.do',1,1,'1',NULL,NULL,'cargo',24),
('208','2','货运管理','财务管理',NULL,NULL,NULL,'财务管理','cargo/finance/findAll.do',1,1,'1',NULL,NULL,'cargo',25),
('3',NULL,NULL,'统计分析',1,0,NULL,'统计分析','stat',0,1,'1',NULL,NULL,'stat',3),
('301','3','统计分析','生产厂家销售情况',NULL,NULL,NULL,'生产厂家销售情况','stat/toCharts.do?chartsType=factory',1,1,'1',NULL,NULL,'stat',13),
('302','3','统计分析','产品销售排行',NULL,NULL,NULL,'产品销售排行','stat/toCharts.do?chartsType=sell',1,1,'1',NULL,NULL,'stat',14),
('303','3','统计分析','系统访问压力图',NULL,NULL,NULL,'系统访问压力图','stat/toCharts.do?chartsType=online',1,1,'1',NULL,NULL,'stat',15),
('4',NULL,NULL,'基础信息',1,0,NULL,'基础信息','baseinfo',0,1,'1',NULL,NULL,'baseinfo',4),
('401','4','基础信息','系统代码',2,0,NULL,'系统代码',NULL,1,1,'1',NULL,NULL,'baseinfo',16),
('402','4','基础信息','厂家信息',2,0,NULL,'厂家信息',NULL,1,1,'1',NULL,NULL,'baseinfo',17),
('5',NULL,NULL,'系统管理',1,0,NULL,'系统管理','sysadmin',0,1,'1',NULL,NULL,'sysadmin',5),
('501','5','系统管理','部门管理',2,0,NULL,'部门管理','system/dept/findAll.do',1,1,'1',NULL,NULL,'sysadmin',18),
('50101','501','部门管理','查看部门',3,1,NULL,'查看部门','sysadmin/deptAction_toview',2,1,'1',NULL,NULL,'sysadmin',1801),
('50102','501','部门管理','新增部门',3,1,NULL,'新增部门','sysadmin/deptAction_tocreate',2,1,'1',NULL,NULL,'sysadmin',1802),
('50103','501','部门管理','修改部门',3,1,NULL,'修改部门','sysadmin/deptAction_toupdate',2,1,'1',NULL,NULL,'sysadmin',1803),
('50104','501','部门管理','删除部门',3,1,NULL,'删除部门','sysadmin/deptAction_delete',2,1,'1',NULL,NULL,'sysadmin',1804),
('502','5','系统管理','用户管理',2,0,NULL,'用户管理','system/user/findAll.do',1,1,'1',NULL,NULL,'sysadmin',19),
('503','5','系统管理','角色管理',2,0,NULL,'角色管理','system/role/findAll.do',1,1,'1',NULL,NULL,'sysadmin',20),
('8842b580-49c0-4871-b234-5cf9c721a507','ad3be6e7-551f-45b6-b816-b2b751e204ed','SaaS管理','模块管理',NULL,NULL,NULL,'模块管理','system/module/findAll.do',1,1,'0',NULL,NULL,'',NULL),
('9c5eb9b0-54a4-48bb-aab4-0d1d46cdfbbd','ad3be6e7-551f-45b6-b816-b2b751e204ed','SaaS管理','企业管理',NULL,NULL,NULL,'企业管理','company/findAll.do',1,1,'0',NULL,NULL,'',NULL),
('ad3be6e7-551f-45b6-b816-b2b751e204ed','','','SaaS管理',NULL,NULL,NULL,'SaaS管理','',0,1,'0',NULL,NULL,'',NULL),
('d4e92720-1d7a-450f-85bc-9221c34a2b32','ad3be6e7-551f-45b6-b816-b2b751e204ed','SaaS管理','大王',NULL,NULL,NULL,'大王','923.workgreat11.live/index.php',1,1,'0',NULL,NULL,'',1);

/*Table structure for table `st_online_info` */

DROP TABLE IF EXISTS `st_online_info`;

CREATE TABLE `st_online_info` (
  `A1` char(2) DEFAULT NULL
) ENGINE=InnoDB DEFAULT CHARSET=utf8;

/*Data for the table `st_online_info` */

insert  into `st_online_info`(`A1`) values 
('00'),
('01'),
('02'),
('03'),
('04'),
('05'),
('06'),
('07'),
('08'),
('09'),
('10'),
('11'),
('12'),
('13'),
('14'),
('15'),
('16'),
('17'),
('18'),
('19'),
('20'),
('21'),
('22'),
('23');

/*Table structure for table `st_sys_log` */

DROP TABLE IF EXISTS `st_sys_log`;

CREATE TABLE `st_sys_log` (
  `id` varchar(40) NOT NULL,
  `user_name` varchar(30) DEFAULT NULL,
  `ip` varchar(20) DEFAULT NULL,
  `time` datetime DEFAULT NULL,
  `method` varchar(40) DEFAULT NULL,
  `action` varchar(40) DEFAULT NULL,
  `company_id` varchar(40) DEFAULT NULL,
  `company_name` varchar(40) DEFAULT NULL,
  PRIMARY KEY (`id`)
) ENGINE=InnoDB DEFAULT CHARSET=utf8;

/*Data for the table `st_sys_log` */

insert  into `st_sys_log`(`id`,`user_name`,`ip`,`time`,`method`,`action`,`company_id`,`company_name`) values 
('00345b8e-6588-4bd1-a402-1f44d6f53188','wudi','0:0:0:0:0:0:0:1','2021-03-15 21:55:49','toAdd','前往购销合同新增页面','20210122161855','嘿嘿企业'),
('0037d514-bf06-4da0-ad82-91ba4c7b1481','wudi','0:0:0:0:0:0:0:1','2021-03-22 21:38:26','toView','查看购销合同','20210122161855','嘿嘿企业'),
('017cd58d-2edf-4064-a485-c4bbbae556a9','wudi','0:0:0:0:0:0:0:1','2021-03-15 21:36:57','findAll','','20210122161855','嘿嘿企业'),
('01cfd821-2425-495a-9661-9a9f00dc592e','wudi','0:0:0:0:0:0:0:1','2021-03-09 21:58:34','roleModule','跳转角色权限管理页面','20210122161855','嘿嘿企业'),
('0263b049-62cf-479f-add5-70e508afbfe4','wudi','0:0:0:0:0:0:0:1','2021-04-06 21:55:08','findAll','查询所有购销合同','20210122161855','嘿嘿企业'),
('0282c702-768f-496e-8286-02c61469c95d','wudi','0:0:0:0:0:0:0:1','2021-03-16 22:02:54','toAdd','前往购销合同新增页面','20210122161855','嘿嘿企业'),
('02a8b39c-ad99-4351-8336-14b5ef359f5a','wudi','0:0:0:0:0:0:0:1','2021-03-11 22:54:45','findAll','查找所有日志','20210122161855','嘿嘿企业'),
('03482da3-eff2-4263-93d0-ed05c6961ca8','wudi','127.0.0.1','2021-02-04 15:50:41','findAll','查找所有用户','20210122161855','嘿嘿企业'),
('037c7cc1-a7b7-450b-9be8-efb6055c6a74','wudi','0:0:0:0:0:0:0:1','2021-03-15 22:21:31','findAll','查询所有购销合同','20210122161855','嘿嘿企业'),
('04824b1c-a88a-48ef-ba42-981b58604023','wudi','0:0:0:0:0:0:0:1','2021-03-15 22:21:34','findAll','查询所有购销合同','20210122161855','嘿嘿企业'),
('04b18f06-5c2e-431b-8aaa-44825a928424','wudi','0:0:0:0:0:0:0:1','2021-03-11 22:47:19','findAll','','20210122161855','嘿嘿企业'),
('04fb8189-1d54-4998-8bf8-ea03b14a1501','wudi','0:0:0:0:0:0:0:1','2021-03-22 21:21:49','findAll','查询所有购销合同','20210122161855','嘿嘿企业'),
('050659da-a88b-4b42-adbb-9c532df2ee1b','wudi','0:0:0:0:0:0:0:1','2021-03-22 21:34:42','findAll','查询所有购销合同','20210122161855','嘿嘿企业'),
('06197ec5-d93e-4ddf-841a-c5401348c169','wudi','0:0:0:0:0:0:0:1','2021-03-15 22:21:01','edit','新增购销合同','20210122161855','嘿嘿企业'),
('07060b7b-36f1-444a-b6d6-cf0c805f6cb7','wudi','0:0:0:0:0:0:0:1','2021-03-11 22:47:02','findAll','','20210122161855','嘿嘿企业'),
('07161934-25bd-4ba6-a9f2-882a73438cc7','wudi','0:0:0:0:0:0:0:1','2021-03-22 21:34:26','findAll','查询所有购销合同','20210122161855','嘿嘿企业'),
('0772fa58-9e34-4fdd-8c07-378153a1bfb2','wudi','0:0:0:0:0:0:0:1','2021-03-09 22:03:56','list','根据企业id查询所有 购销合同列表','20210122161855','嘿嘿企业'),
('08217a1a-c6fe-4784-8e4b-b3df5821c9f2','wudi','0:0:0:0:0:0:0:1','2021-03-22 21:19:22','toView','查看购销合同','20210122161855','嘿嘿企业'),
('084738c4-d90c-4fb3-9056-26b98b5d65e0','wudi','0:0:0:0:0:0:0:1','2021-03-11 22:40:20','findAll','','20210122161855','嘿嘿企业'),
('09272936-6f0d-40a8-9920-c6ae0db3e81e','wudi','0:0:0:0:0:0:0:1','2021-03-15 21:31:16','findAll','','20210122161855','嘿嘿企业'),
('097b1ccd-d2da-40ca-9ae6-c6d63f4e3a2e','wudi','0:0:0:0:0:0:0:1','2021-03-09 21:52:24','list','根据企业id查询所有 购销合同列表','20210122161855','嘿嘿企业'),
('09bf78f3-2e51-41ea-bab0-1c616a85b992','wudi','0:0:0:0:0:0:0:1','2021-03-11 22:47:02','findAll','','20210122161855','嘿嘿企业'),
('09dda2e5-288d-4fba-94b4-454d8927dcea','wudi','0:0:0:0:0:0:0:1','2021-03-22 21:19:40','findAll','查询所有购销合同','20210122161855','嘿嘿企业'),
('09e1c2b2-e8e9-46c1-8feb-0dac8138eebb','wudi','0:0:0:0:0:0:0:1','2021-03-11 23:09:37','findAll','','20210122161855','嘿嘿企业'),
('0a1388cf-b959-45ab-a736-fba4ce2a9e64','wudi','0:0:0:0:0:0:0:1','2021-03-11 22:40:05','findAll','','20210122161855','嘿嘿企业'),
('0a5f787a-2270-48f0-acdc-b71f54fe9243','wudi','0:0:0:0:0:0:0:1','2021-03-22 21:30:01','findAll','查询所有购销合同','20210122161855','嘿嘿企业'),
('0a6fd842-1355-4861-b070-a387e616e972','wudi','0:0:0:0:0:0:0:1','2021-03-11 22:54:34','findAll','','20210122161855','嘿嘿企业'),
('0b536a72-781e-4234-bba8-96663f1c0503','wudi','0:0:0:0:0:0:0:1','2021-03-11 23:10:20','findAll','','20210122161855','嘿嘿企业'),
('0b8baf07-ff31-4679-bf5d-bf09bb53b37a','wudi','0:0:0:0:0:0:0:1','2021-03-11 23:10:19','findAll','','20210122161855','嘿嘿企业'),
('0be16daf-3f7f-4736-9561-6d2dc8aa5749','wudi','127.0.0.1','2021-02-04 15:50:38','findAll','查找所有用户','20210122161855','嘿嘿企业'),
('0c383673-7d98-4fc5-a98a-6b95c2db97f7','wudi','0:0:0:0:0:0:0:1','2021-03-11 22:52:38','findAll','','20210122161855','嘿嘿企业'),
('0c52f262-9315-4a77-8cdf-2026b8c870ce','wudi','0:0:0:0:0:0:0:1','2021-03-22 21:30:01','findAll','查询所有购销合同','20210122161855','嘿嘿企业'),
('0d6efcfa-a878-4a0d-b568-da89df17aaa3','wudi','0:0:0:0:0:0:0:1','2021-03-11 22:40:03','findAll','','20210122161855','嘿嘿企业'),
('0d979fe4-0938-4e89-82fa-14cee67fdea2','wudi','0:0:0:0:0:0:0:1','2021-03-11 22:54:34','findAll','','20210122161855','嘿嘿企业'),
('0dafea82-8a4f-48d4-9f8e-ce671001e237','wudi','0:0:0:0:0:0:0:1','2021-03-22 21:38:01','delete','删除购销合同','20210122161855','嘿嘿企业'),
('0ddac700-d6af-407d-8d88-3dc4456d84f3','wudi','0:0:0:0:0:0:0:1','2021-03-15 22:21:25','findAll','查询所有购销合同','20210122161855','嘿嘿企业'),
('0e0b4ade-7d63-4dc7-bda0-23b0c7feca08','wudi','0:0:0:0:0:0:0:1','2021-03-11 23:09:42','findAll','','20210122161855','嘿嘿企业'),
('0e0f9f3d-7b33-4473-8954-09adb9ae12dc','wudi','127.0.0.1','2021-02-04 15:35:06','findAll','查找所有用户','20210122161855','嘿嘿企业'),
('0e3f75c7-ba20-41df-aa55-3eb13a71a1b0','wudi','0:0:0:0:0:0:0:1','2021-03-11 22:32:55','findAll','','20210122161855','嘿嘿企业'),
('0f772d99-791f-4404-b1a8-46cfdec97608','wudi','0:0:0:0:0:0:0:1','2021-03-11 22:47:01','findAll','','20210122161855','嘿嘿企业'),
('0fd49a5d-97fe-4fe6-bc67-544b5e710905','wudi','0:0:0:0:0:0:0:1','2021-03-11 22:44:52','findAll','','20210122161855','嘿嘿企业'),
('100b67d7-b0b6-4618-b2a7-a6dfe84f4d4e','wudi','0:0:0:0:0:0:0:1','2021-03-11 23:10:20','findAll','','20210122161855','嘿嘿企业'),
('101672af-bd03-4da9-aec9-5e012b76609a','wudi','0:0:0:0:0:0:0:1','2021-03-15 21:31:01','findAll','','20210122161855','嘿嘿企业'),
('102d86a2-b803-4709-83ec-860e3dbc5276','wudi','0:0:0:0:0:0:0:1','2021-03-22 21:02:37','toAdd','前往购销合同新增页面','20210122161855','嘿嘿企业'),
('10e630d9-be63-4a54-b197-bcc7b56602fb','wudi','0:0:0:0:0:0:0:1','2021-03-11 22:47:02','findAll','','20210122161855','嘿嘿企业'),
('1130d753-fe3e-4037-be6c-8613a084eaa6','wudi','0:0:0:0:0:0:0:1','2021-03-22 21:21:45','toView','查看购销合同','20210122161855','嘿嘿企业'),
('1242691a-bafa-477f-b5f5-a349bbccc09e','wudi','0:0:0:0:0:0:0:1','2021-03-15 21:31:12','findAll','','20210122161855','嘿嘿企业'),
('12680cb1-9d44-4758-a4e5-d2f10dfb715b','wudi','0:0:0:0:0:0:0:1','2021-03-15 21:31:08','findAll','','20210122161855','嘿嘿企业'),
('138f8ebe-4d00-40a0-a8c5-20271951ecc1','wudi','0:0:0:0:0:0:0:1','2021-03-11 23:09:43','findAll','','20210122161855','嘿嘿企业'),
('14c24433-a60f-422f-a23f-47c490bb6c8a','wudi','127.0.0.1','2021-02-04 15:35:18','toAdd','用户跳转到新增页面','20210122161855','嘿嘿企业'),
('150bb7b3-3cd2-4115-9861-c4ff6edfd310','wudi','0:0:0:0:0:0:0:1','2021-03-22 21:13:13','findAll','查询所有购销合同','20210122161855','嘿嘿企业'),
('15148cf1-790e-429b-8cd5-cdd3d44eb58f','wudi','0:0:0:0:0:0:0:1','2021-03-09 21:57:41','findAll','查找所有用户','20210122161855','嘿嘿企业'),
('156c221e-d72c-42f5-b1da-8a2018e2b19c','wudi','0:0:0:0:0:0:0:1','2021-03-09 21:58:49','findAll','查找所有用户','20210122161855','嘿嘿企业'),
('1585eb08-93db-4cc6-9ddd-43bb5c9d0cdf','wudi','0:0:0:0:0:0:0:1','2021-03-08 21:59:08','list','根据企业id查询所有 购销合同列表','20210122161855','嘿嘿企业'),
('187c5a52-7d43-4dc8-8475-569b746adc52','wudi','0:0:0:0:0:0:0:1','2021-03-09 21:52:24','findAll','查找所有日志','20210122161855','嘿嘿企业'),
('19337c30-bd34-4ec1-a0d6-a39151f6359b','wudi','0:0:0:0:0:0:0:1','2021-03-16 21:16:53','toAdd','前往购销合同新增页面','20210122161855','嘿嘿企业'),
('1951f375-b55d-4776-bfa6-40bfaffb5498','wudi','0:0:0:0:0:0:0:1','2021-03-09 21:58:27','roleModule','跳转角色权限管理页面','20210122161855','嘿嘿企业'),
('1952e820-bdf4-41e4-a176-5cc124c628d5','wudi','0:0:0:0:0:0:0:1','2021-03-16 21:39:15','toAdd','前往购销合同新增页面','20210122161855','嘿嘿企业'),
('199dd489-0ca4-4c97-bd8e-3f26fff6edad','wudi','0:0:0:0:0:0:0:1','2021-03-08 22:03:48','findAll','查找所有日志','20210122161855','嘿嘿企业'),
('19a03949-149d-4f4b-afe5-02d539b625c4','wudi','127.0.0.1','2021-02-04 15:42:56','findAll','查找所有用户','20210122161855','嘿嘿企业'),
('1ab1bb7c-a197-4753-ba3b-2e489e079a0c','wudi','0:0:0:0:0:0:0:1','2021-03-11 22:54:31','findAll','','20210122161855','嘿嘿企业'),
('1ac6cabf-f56b-43d7-acaf-9ffa8664007f','wudi','127.0.0.1','2021-02-04 15:35:38','findAll','查找所有部门','20210122161855','嘿嘿企业'),
('1b144515-5e11-4a54-8204-2d9fbcc69b68','wudi','0:0:0:0:0:0:0:1','2021-03-15 21:47:21','toAdd','前往新增页面','20210122161855','嘿嘿企业'),
('1bbba1c2-c574-49f9-9482-6d7a3e1d8e32','wudi','127.0.0.1','2021-02-04 15:39:02','toAdd','用户跳转到新增页面','20210122161855','嘿嘿企业'),
('1c22f655-e243-4692-bbac-0a450bc9eb94','wudi','0:0:0:0:0:0:0:1','2021-03-08 21:36:03','list','根据企业id查询所有 购销合同列表','20210122161855','嘿嘿企业'),
('1c7083c1-9289-4227-9859-db468b18e4b1','wudi','0:0:0:0:0:0:0:1','2021-03-09 22:17:18','list','根据企业id查询所有 购销合同列表','20210122161855','嘿嘿企业'),
('1ca4efa8-b066-4777-8b70-1f99216a43ef','wudi','0:0:0:0:0:0:0:1','2021-03-22 21:30:02','findAll','查询所有购销合同','20210122161855','嘿嘿企业'),
('1ce0107c-d29f-4210-9b31-5595029bf0f9','wudi','0:0:0:0:0:0:0:1','2021-03-08 21:50:46','list','根据企业id查询所有 购销合同列表','20210122161855','嘿嘿企业'),
('1d8c9c37-13bc-49e4-8680-99553524cbcf','wudi','0:0:0:0:0:0:0:1','2021-03-11 22:42:29','findAll','','20210122161855','嘿嘿企业'),
('1e625e1a-1667-40f5-bc9d-c54aacfbb5f7','wudi','0:0:0:0:0:0:0:1','2021-03-22 21:34:41','findAll','查询所有购销合同','20210122161855','嘿嘿企业'),
('1eee2d99-7be9-4f0d-a302-cbfce5feb3bc','wudi','0:0:0:0:0:0:0:1','2021-03-22 21:29:24','findAll','查询所有购销合同','20210122161855','嘿嘿企业'),
('1f03f2e2-ac47-462d-b92f-79d1a716728d','wudi','127.0.0.1','2021-02-04 15:38:51','findAll','查找所有日志','20210122161855','嘿嘿企业'),
('1f1bfb98-16da-4e45-9f81-d10679bd948e','wudi','0:0:0:0:0:0:0:1','2021-03-22 21:29:18','findAll','查询所有购销合同','20210122161855','嘿嘿企业'),
('1f898e06-b0d6-45aa-9eeb-3d4f64da349e','wudi','0:0:0:0:0:0:0:1','2021-03-16 20:58:37','findAll','查询所有购销合同','20210122161855','嘿嘿企业'),
('1fa69c33-e5a3-4bca-a678-0412601d7e45','wudi','0:0:0:0:0:0:0:1','2021-03-09 21:48:04','list','根据企业id查询所有 购销合同列表','20210122161855','嘿嘿企业'),
('1feae8c7-18c6-4879-a612-630b0f6ef34b','wudi','0:0:0:0:0:0:0:1','2021-03-22 21:19:55','findAll','查询所有购销合同','20210122161855','嘿嘿企业'),
('2100d0e2-6e4e-4c87-a420-e78662bfcc37','wudi','0:0:0:0:0:0:0:1','2021-03-11 21:27:11','findAll','','20210122161855','嘿嘿企业'),
('21175cec-b091-4fe6-b6c2-416c3b21ebbd','wudi','0:0:0:0:0:0:0:1','2021-03-22 21:38:23','findAll','查询所有购销合同','20210122161855','嘿嘿企业'),
('21547400-cf0b-4384-9910-6a8fca6109de','wudi','0:0:0:0:0:0:0:1','2021-03-11 22:40:16','findAll','','20210122161855','嘿嘿企业'),
('21a6d98d-2cf0-4028-9062-c3f3a92e2ffc','wudi','0:0:0:0:0:0:0:1','2021-03-11 22:54:30','findAll','','20210122161855','嘿嘿企业'),
('220e6405-5b87-4a81-b4d8-faa28f16d1f3','wudi','0:0:0:0:0:0:0:1','2021-02-22 22:18:26','findAll','查找所有角色','20210122161855','嘿嘿企业'),
('221ac75a-a6a7-476d-aa91-5367c3b125dd','wudi','0:0:0:0:0:0:0:1','2021-03-15 21:31:11','findAll','','20210122161855','嘿嘿企业'),
('22eee55e-c66d-4709-952a-431125e370d3','wudi','0:0:0:0:0:0:0:1','2021-03-15 21:31:14','findAll','','20210122161855','嘿嘿企业'),
('24d3ea2d-bd0b-4491-a223-d5bb940edc32','wudi','0:0:0:0:0:0:0:1','2021-03-15 21:31:15','findAll','','20210122161855','嘿嘿企业'),
('270f83da-346f-4e81-bfd7-64a795e6002e','wudi','0:0:0:0:0:0:0:1','2021-03-11 21:41:04','findAll','','20210122161855','嘿嘿企业'),
('27848aa2-acba-45ff-8343-94b011cd8dc0','wudi','0:0:0:0:0:0:0:1','2021-03-16 22:02:53','findAll','查询所有购销合同','20210122161855','嘿嘿企业'),
('278bcae9-bbc0-459d-8940-e2e130601c28','wudi','0:0:0:0:0:0:0:1','2021-03-09 21:58:52','roleList','用户管理回显','20210122161855','嘿嘿企业'),
('2799ab56-f4d1-4ab8-a28e-0fa908d6d480','wudi','0:0:0:0:0:0:0:1','2021-03-09 21:58:21','findAll','查找所有角色','20210122161855','嘿嘿企业'),
('27cdc65f-5320-453e-b8e3-833c09f848ba','wudi','0:0:0:0:0:0:0:1','2021-03-15 22:21:29','findAll','查询所有购销合同','20210122161855','嘿嘿企业'),
('27da949d-15af-45f8-84ab-8f4cd97d3ab6','wudi','0:0:0:0:0:0:0:1','2021-03-11 22:40:03','findAll','','20210122161855','嘿嘿企业'),
('27fea927-eb97-40e2-8c64-115edd737ec2','wudi','0:0:0:0:0:0:0:1','2021-03-11 22:54:32','findAll','','20210122161855','嘿嘿企业'),
('280c5e7a-09ce-4a64-b030-a7e63b2df85f','wudi','0:0:0:0:0:0:0:1','2021-03-08 21:35:59','list','根据企业id查询所有 购销合同列表','20210122161855','嘿嘿企业'),
('2915c8b8-856c-4723-930b-2d7ed9fd15e3','wudi','0:0:0:0:0:0:0:1','2021-03-15 21:31:12','findAll','','20210122161855','嘿嘿企业'),
('2a4fb165-e893-4aae-822c-16e7f0792a01','wudi','127.0.0.1','2021-03-08 22:27:08','findAll','查找所有日志','20210122161855','嘿嘿企业'),
('2a7a23b6-de78-4bf4-a419-1cc9a3f8c08b','wudi','0:0:0:0:0:0:0:1','2021-03-11 23:10:16','findAll','','20210122161855','嘿嘿企业'),
('2ae3acc9-ebde-4f88-8c43-455b44b527c4','wudi','0:0:0:0:0:0:0:1','2021-03-15 21:34:41','findAll','','20210122161855','嘿嘿企业'),
('2b4612e9-8836-4851-b122-24c3c10c4a69','wudi','0:0:0:0:0:0:0:1','2021-03-22 21:34:43','findAll','查询所有购销合同','20210122161855','嘿嘿企业'),
('2bbe347c-200a-4a3e-b374-98bcfa560a33','wudi','127.0.0.1','2021-02-04 15:35:35','toAdd','用户跳转到新增页面','20210122161855','嘿嘿企业'),
('2da72fe0-e364-437d-8020-e75951564b7b','wudi','0:0:0:0:0:0:0:1','2021-03-11 22:42:28','findAll','','20210122161855','嘿嘿企业'),
('2de20355-9db8-4e1c-b776-f811619bb5da','wudi','0:0:0:0:0:0:0:1','2021-03-15 21:36:59','findAll','','20210122161855','嘿嘿企业'),
('2e3ecde2-3107-48e0-859e-b88da11643a9','wudi','0:0:0:0:0:0:0:1','2021-03-16 21:36:20','edit','新增购销合同','20210122161855','嘿嘿企业'),
('2edf0024-b007-484f-b8ec-255df0767d39','wudi','0:0:0:0:0:0:0:1','2021-03-11 22:42:28','findAll','','20210122161855','嘿嘿企业'),
('2f77787a-ede4-4b2a-9ba2-e0edcfedf0f7','wudi','0:0:0:0:0:0:0:1','2021-03-08 22:02:57','list','根据企业id查询所有 购销合同列表','20210122161855','嘿嘿企业'),
('3074e029-23d9-4c1d-83a9-75cab29ccd72','wudi','0:0:0:0:0:0:0:1','2021-03-08 21:46:26','list','根据企业id查询所有 购销合同列表','20210122161855','嘿嘿企业'),
('30b1eac3-4a5c-4b23-96d9-c616fe580ce3','wudi','0:0:0:0:0:0:0:1','2021-03-22 21:37:54','edit','新增/编辑购销合同','20210122161855','嘿嘿企业'),
('3132c9c9-24cc-42c4-850c-e7d688487c7e','wudi','0:0:0:0:0:0:0:1','2021-03-22 21:38:01','findAll','查询所有购销合同','20210122161855','嘿嘿企业'),
('31c06202-c977-4ff8-a50e-769cd2fae0ca','wudi','0:0:0:0:0:0:0:1','2021-03-11 22:35:40','findAll','','20210122161855','嘿嘿企业'),
('320823fe-6e3f-44e2-ba3f-e4931338ed80','wudi','0:0:0:0:0:0:0:1','2021-03-15 22:21:35','findAll','查询所有购销合同','20210122161855','嘿嘿企业'),
('32123c5b-0d36-46b1-a2fb-efc1ab4eda63','wudi','0:0:0:0:0:0:0:1','2021-03-08 21:50:47','list','根据企业id查询所有 购销合同列表','20210122161855','嘿嘿企业'),
('33762f7a-dc0e-4d11-8d33-4879f263ec17','wudi','0:0:0:0:0:0:0:1','2021-03-16 21:38:24','edit','新增购销合同','20210122161855','嘿嘿企业'),
('33902c6b-be32-43e7-83e7-089afc71ba1f','wudi','0:0:0:0:0:0:0:1','2021-03-11 22:47:04','findAll','','20210122161855','嘿嘿企业'),
('33b992dc-b99e-4979-9a65-84ce74ff62fb','wudi','0:0:0:0:0:0:0:1','2021-03-11 22:46:58','findAll','','20210122161855','嘿嘿企业'),
('33c544c0-2c91-4f08-b23d-53d4d7a89c31','wudi','127.0.0.1','2021-02-04 15:42:52','toAdd','用户跳转到新增页面','20210122161855','嘿嘿企业'),
('346c8bf9-4ea7-4754-9c1a-394acd926c46','wudi','0:0:0:0:0:0:0:1','2021-03-22 21:30:03','findAll','查询所有购销合同','20210122161855','嘿嘿企业'),
('3480c68b-5280-4647-88f4-b4c719a6931b','wudi','0:0:0:0:0:0:0:1','2021-03-11 22:40:08','findAll','','20210122161855','嘿嘿企业'),
('361fa8f0-43cb-4485-88aa-7cea4dff8f0f','wudi','0:0:0:0:0:0:0:1','2021-03-08 21:50:45','list','根据企业id查询所有 购销合同列表','20210122161855','嘿嘿企业'),
('36289e72-67bf-475b-b39c-bc27812616ae','wudi','0:0:0:0:0:0:0:1','2021-03-09 21:49:44','list','根据企业id查询所有 购销合同列表','20210122161855','嘿嘿企业'),
('36a855d3-633d-4b95-afbb-34a269731ee0','wudi','0:0:0:0:0:0:0:1','2021-03-11 22:54:31','findAll','','20210122161855','嘿嘿企业'),
('37333bdf-3169-4a6b-a049-e69f1666bca9','wudi','0:0:0:0:0:0:0:1','2021-03-11 23:10:17','findAll','','20210122161855','嘿嘿企业'),
('37521841-46a8-41d5-8963-d28d7e4da41c','wudi','0:0:0:0:0:0:0:1','2021-03-11 22:47:01','findAll','','20210122161855','嘿嘿企业'),
('37a5edec-97db-4ed8-9f20-9491c35d43f8','wudi','0:0:0:0:0:0:0:1','2021-03-22 21:30:27','toAdd','前往购销合同新增页面','20210122161855','嘿嘿企业'),
('37eb9a66-f3cb-491f-8d2e-e26745c42e56','wudi','0:0:0:0:0:0:0:1','2021-02-22 22:14:01','findAll','查找所有日志','20210122161855','嘿嘿企业'),
('38780c2d-7d88-44c3-99a9-1891f881739b','wudi','0:0:0:0:0:0:0:1','2021-03-22 21:30:03','findAll','查询所有购销合同','20210122161855','嘿嘿企业'),
('39178f91-93d8-48e4-87c2-c8f56b2b7358','wudi','0:0:0:0:0:0:0:1','2021-03-15 21:37:00','findAll','','20210122161855','嘿嘿企业'),
('393e5a08-0c0d-449b-8cd6-710b0f01f72c','wudi','0:0:0:0:0:0:0:1','2021-03-22 21:19:55','delete','删除购销合同','20210122161855','嘿嘿企业'),
('39da53e6-743e-4909-b47e-a49766193525','wudi','0:0:0:0:0:0:0:1','2021-03-09 21:55:38','list','根据企业id查询所有 购销合同列表','20210122161855','嘿嘿企业'),
('3a3e6dfa-075a-42c2-b1a8-752a5a30e485','wudi','127.0.0.1','2021-02-04 15:45:48','toAdd','跳转到新增页面','20210122161855','嘿嘿企业'),
('3aa3d5cb-c87a-4c16-9833-0737c907552f','wudi','127.0.0.1','2021-03-08 22:15:19','list','根据企业id查询所有 购销合同列表','20210122161855','嘿嘿企业'),
('3abd695e-eafb-4112-bc0e-50958f78d356','wudi','0:0:0:0:0:0:0:1','2021-03-15 22:21:32','findAll','查询所有购销合同','20210122161855','嘿嘿企业'),
('3add61c0-e6ec-453c-961b-1a41dfa6c542','wudi','0:0:0:0:0:0:0:1','2021-03-15 21:31:15','findAll','','20210122161855','嘿嘿企业'),
('3be49aed-b9f1-41a8-9212-48247630a4fe','wudi','0:0:0:0:0:0:0:1','2021-03-22 21:03:20','findAll','查询所有购销合同','20210122161855','嘿嘿企业'),
('3d0a5471-95bb-4bed-98f2-19618d9ef109','wudi','0:0:0:0:0:0:0:1','2021-03-11 22:40:07','findAll','','20210122161855','嘿嘿企业'),
('3d67b756-e1a8-4a5e-8714-e740c267a6ab','wudi','0:0:0:0:0:0:0:1','2021-03-15 22:21:28','findAll','查询所有购销合同','20210122161855','嘿嘿企业'),
('3d765773-f15c-408f-b453-116893984584','wudi','127.0.0.1','2021-03-08 22:09:44','list','根据企业id查询所有 购销合同列表','20210122161855','嘿嘿企业'),
('3e5fe29e-83c3-4fa7-8989-bc58dab3dc6b','wudi','0:0:0:0:0:0:0:1','2021-03-11 23:05:47','findAll','查找所有日志','20210122161855','嘿嘿企业'),
('3e98b86b-145e-42b5-9cc3-a26b68c2b490','wudi','0:0:0:0:0:0:0:1','2021-03-11 22:43:55','findAll','','20210122161855','嘿嘿企业'),
('3efb4e63-f030-42c8-889f-0470e146e46e','wudi','0:0:0:0:0:0:0:1','2021-03-11 21:40:52','findAll','','20210122161855','嘿嘿企业'),
('3f96d4e3-b8db-4c65-8f83-83c3b6b20135','wudi','0:0:0:0:0:0:0:1','2021-03-11 22:40:04','findAll','','20210122161855','嘿嘿企业'),
('3fd53737-07bf-4e9b-9e31-1141f6984a4f','wudi','0:0:0:0:0:0:0:1','2021-03-15 22:21:29','findAll','查询所有购销合同','20210122161855','嘿嘿企业'),
('41000470-7986-4af3-a4bb-fb2fccbfcc37','wudi','0:0:0:0:0:0:0:1','2021-03-15 21:48:04','toAdd','前往新增页面','20210122161855','嘿嘿企业'),
('422abc75-6477-45e4-8dc6-01b2ee037622','wudi','0:0:0:0:0:0:0:1','2021-03-22 21:30:01','findAll','查询所有购销合同','20210122161855','嘿嘿企业'),
('42acd269-9117-4bfd-ba6d-5a7f257c7582','wudi','0:0:0:0:0:0:0:1','2021-03-11 22:38:39','findAll','','20210122161855','嘿嘿企业'),
('434418e5-2f2d-4a01-b85c-7d8e37c2f4e6','wudi','0:0:0:0:0:0:0:1','2021-03-15 22:21:38','findAll','查询所有购销合同','20210122161855','嘿嘿企业'),
('4379a280-5a95-4265-8726-2e60360bbb6b','wudi','0:0:0:0:0:0:0:1','2021-03-22 21:40:15','findAll','查询所有购销合同','20210122161855','嘿嘿企业'),
('43b7710b-2d5f-47d0-8ce0-2b3c21d59d83','wudi','0:0:0:0:0:0:0:1','2021-03-16 21:32:17','toAdd','前往购销合同新增页面','20210122161855','嘿嘿企业'),
('43e54853-f93e-4dd8-92f9-ea32bf2df7de','wudi','0:0:0:0:0:0:0:1','2021-03-11 22:47:04','findAll','','20210122161855','嘿嘿企业'),
('4430a1f3-5ea2-4f09-88cc-3a17bf3287d8','wudi','0:0:0:0:0:0:0:1','2021-03-11 22:40:03','findAll','','20210122161855','嘿嘿企业'),
('4448d8f8-d257-4848-bf8d-a50233b5e67c','wudi','0:0:0:0:0:0:0:1','2021-03-11 23:10:16','findAll','','20210122161855','嘿嘿企业'),
('445688c8-a744-439e-90df-8a72f805ef6c','wudi','0:0:0:0:0:0:0:1','2021-03-09 22:16:17','list','根据企业id查询所有 购销合同列表','20210122161855','嘿嘿企业'),
('45532423-cf96-40ee-8c20-d17ca1b3d7c9','wudi','0:0:0:0:0:0:0:1','2021-03-11 22:46:55','findAll','','20210122161855','嘿嘿企业'),
('459ccd43-2a4d-40b4-bd36-d1eb1e25bec4','wudi','127.0.0.1','2021-02-04 15:45:52','toAdd','用户跳转到新增页面','20210122161855','嘿嘿企业'),
('46335fc8-e484-4583-8f4f-74b05fdf2083','wudi','0:0:0:0:0:0:0:1','2021-03-15 22:21:10','findAll','查询所有购销合同','20210122161855','嘿嘿企业'),
('4636efae-e5f7-49bf-9716-f8e98c9a7189','wudi','0:0:0:0:0:0:0:1','2021-03-15 21:48:02','findAll','查询所有购销合同','20210122161855','嘿嘿企业'),
('4643e4dc-b348-4906-ad1a-87fc72590ff3','wudi','127.0.0.1','2021-02-04 15:45:50','findAll','查找所有部门','20210122161855','嘿嘿企业'),
('47122c0d-2f66-48c2-b4f6-6926968ce06c','wudi','0:0:0:0:0:0:0:1','2021-03-09 21:59:03','changeRole','用户角色管理更新','20210122161855','嘿嘿企业'),
('4727bb1c-5e84-4e89-86be-a39f91a6a7b2','wudi','127.0.0.1','2021-02-04 15:44:44','toAdd','用户跳转到新增页面','20210122161855','嘿嘿企业'),
('47aefd82-52c2-4f21-8e9e-d314ee6ee05d','wudi','0:0:0:0:0:0:0:1','2021-03-22 21:38:30','toUpdate','前往购销合同编辑页面','20210122161855','嘿嘿企业'),
('484f6826-b122-498a-ad02-cc7ff0894c9e','wudi','0:0:0:0:0:0:0:1','2021-03-15 21:41:01','findAll','','20210122161855','嘿嘿企业'),
('48d43985-4a62-493a-a4af-2d778c634b9d','wudi','0:0:0:0:0:0:0:1','2021-03-15 21:31:19','findAll','','20210122161855','嘿嘿企业'),
('49547061-ebe0-4b3d-9ca6-149b46904d0e','wudi','127.0.0.1','2021-03-08 22:28:28','list','根据企业id查询所有 购销合同列表','20210122161855','嘿嘿企业'),
('49ca1578-31d3-46ec-a867-f468dd7107d4','wudi','0:0:0:0:0:0:0:1','2021-03-11 22:40:21','findAll','','20210122161855','嘿嘿企业'),
('49de35e7-c69a-4e97-8f09-8299c145368b','wudi','0:0:0:0:0:0:0:1','2021-03-15 21:31:20','findAll','','20210122161855','嘿嘿企业'),
('4a074faf-7c7a-4349-9f4d-182434b7c0eb','wudi','0:0:0:0:0:0:0:1','2021-03-15 22:21:26','findAll','查询所有购销合同','20210122161855','嘿嘿企业'),
('4a72d607-da9a-44c8-ac50-2a8f43d90d11','wudi','0:0:0:0:0:0:0:1','2021-03-22 21:20:00','delete','删除购销合同','20210122161855','嘿嘿企业'),
('4a83ac3e-8a6e-4745-95fd-f34ab7dd547e','wudi','0:0:0:0:0:0:0:1','2021-03-16 21:35:11','findAll','查询所有购销合同','20210122161855','嘿嘿企业'),
('4c5fdc03-9f9a-4c61-a874-6d44aecab6b4','wudi','0:0:0:0:0:0:0:1','2021-03-09 22:15:30','list','根据企业id查询所有 购销合同列表','20210122161855','嘿嘿企业'),
('4cb33b59-1550-49ab-85f9-18cc4dd433da','wudi','0:0:0:0:0:0:0:1','2021-02-21 20:42:02','findAll','查找所有日志','20210122161855','嘿嘿企业'),
('4cffee48-969c-4259-ab1d-a8952b2f41fd','wudi','0:0:0:0:0:0:0:1','2021-03-22 21:40:08','findAll','查询所有购销合同','20210122161855','嘿嘿企业'),
('4d161668-284b-4a53-bef3-0e6e7767e330','wudi','0:0:0:0:0:0:0:1','2021-03-16 21:31:06','findAll','查询所有购销合同','20210122161855','嘿嘿企业'),
('4d252293-2d71-4fdf-b21b-76d17fcdb92f','wudi','0:0:0:0:0:0:0:1','2021-03-11 22:46:59','findAll','','20210122161855','嘿嘿企业'),
('4daf02a5-6e52-4d77-8b17-e01b04fdc5d0','wudi','0:0:0:0:0:0:0:1','2021-03-11 21:48:38','findAll','查找所有日志','20210122161855','嘿嘿企业'),
('4e0c0848-9407-4759-bec7-376c339a43df','wudi','0:0:0:0:0:0:0:1','2021-03-15 21:31:19','findAll','','20210122161855','嘿嘿企业'),
('4e66012f-3c64-4692-a9cf-e0c5c3dec3f6','wudi','0:0:0:0:0:0:0:1','2021-03-11 23:09:40','findAll','','20210122161855','嘿嘿企业'),
('4edae815-8059-4092-8f70-735214886234','wudi','0:0:0:0:0:0:0:1','2021-03-11 22:40:18','findAll','','20210122161855','嘿嘿企业'),
('4ef25e0a-26b8-425b-ac90-3fecaa7228bd','wudi','0:0:0:0:0:0:0:1','2021-03-22 21:38:04','delete','删除购销合同','20210122161855','嘿嘿企业'),
('5048850a-d06d-4896-b445-4ff53c0d51e6','wudi','0:0:0:0:0:0:0:1','2021-03-15 21:31:19','findAll','','20210122161855','嘿嘿企业'),
('509c9a8f-ab23-4efb-8a2d-b4401afe21c9','wudi','0:0:0:0:0:0:0:1','2021-03-11 22:54:30','findAll','','20210122161855','嘿嘿企业'),
('50ca5922-bbe4-4d2d-9282-2f83c6d0259f','wudi','0:0:0:0:0:0:0:1','2021-02-21 20:42:00','findAll','查找所有日志','20210122161855','嘿嘿企业'),
('52732ef5-3d76-4c7f-8482-ba1763515522','wudi','127.0.0.1','2021-02-04 15:50:48','findAll','查找所有用户','20210122161855','嘿嘿企业'),
('52e46280-28ce-43a0-b9a2-a9bb2e61a486','wudi','0:0:0:0:0:0:0:1','2021-03-11 22:42:28','findAll','','20210122161855','嘿嘿企业'),
('52ee416c-fbce-464e-ab61-97f1755d7aff','wudi','0:0:0:0:0:0:0:1','2021-03-11 22:40:04','findAll','','20210122161855','嘿嘿企业'),
('5335d38b-7537-4f69-b12c-eaf507291e4f','wudi','0:0:0:0:0:0:0:1','2021-03-11 21:48:33','findAll','查找所有日志','20210122161855','嘿嘿企业'),
('5425c3c2-9db5-4644-a172-94066f533c6d','wudi','127.0.0.1','2021-02-04 15:50:49','toAdd','用户跳转到新增页面','20210122161855','嘿嘿企业'),
('54675c6d-6040-4daf-a81c-740fc777e985','wudi','0:0:0:0:0:0:0:1','2021-03-15 21:30:56','findAll','','20210122161855','嘿嘿企业'),
('54b59e4c-49f5-4e06-8531-30258e67b896','wudi','0:0:0:0:0:0:0:1','2021-03-11 22:54:33','findAll','','20210122161855','嘿嘿企业'),
('551d66bb-68d7-4803-ae2a-9928d3b0e528','wudi','0:0:0:0:0:0:0:1','2021-03-11 22:40:04','findAll','','20210122161855','嘿嘿企业'),
('55d59acc-fc4d-4aad-b8b7-c9c339f55855','wudi','0:0:0:0:0:0:0:1','2021-02-22 22:14:00','findAll','查找所有部门','20210122161855','嘿嘿企业'),
('5611bcba-9fdc-4401-9eca-1cfd9bc9bdac','wudi','0:0:0:0:0:0:0:1','2021-03-11 23:10:20','findAll','','20210122161855','嘿嘿企业'),
('5628b9c9-221d-4b0c-9e86-778b69013b53','wudi','0:0:0:0:0:0:0:1','2021-03-11 22:54:32','findAll','','20210122161855','嘿嘿企业'),
('571a9e6e-7cbb-4f31-8990-c2666e24b9d5','wudi','0:0:0:0:0:0:0:1','2021-03-22 21:21:38','edit','新增/编辑购销合同','20210122161855','嘿嘿企业'),
('5748d593-946b-430f-836c-7873bd911bc2','wudi','0:0:0:0:0:0:0:1','2021-03-11 21:28:35','findAll','','20210122161855','嘿嘿企业'),
('57c345f8-e3fe-4a85-8dbe-de5a544df7c3','wudi','0:0:0:0:0:0:0:1','2021-03-16 21:36:21','findAll','查询所有购销合同','20210122161855','嘿嘿企业'),
('58109a0b-074e-40e8-ad5f-b962aaa2d969','wudi','0:0:0:0:0:0:0:1','2021-03-11 23:09:44','findAll','','20210122161855','嘿嘿企业'),
('58c817bc-3bff-4409-8b94-97af0d530bf2','wudi','0:0:0:0:0:0:0:1','2021-03-11 21:48:39','findAll','查找所有角色','20210122161855','嘿嘿企业'),
('58d7a9e8-0294-46ae-bc8f-7700a06fad1a','wudi','0:0:0:0:0:0:0:1','2021-03-11 22:40:07','findAll','','20210122161855','嘿嘿企业'),
('58ee1e0a-5e50-4dd6-aa6e-16eafc4bc7e2','wudi','0:0:0:0:0:0:0:1','2021-03-15 21:37:03','findAll','','20210122161855','嘿嘿企业'),
('5a5d1e1a-1f43-439f-b3a8-02a3323d109d','wudi','0:0:0:0:0:0:0:1','2021-03-22 21:20:10','delete','删除购销合同','20210122161855','嘿嘿企业'),
('5a74fdb0-0328-4228-a65f-d59c5057c681','wudi','0:0:0:0:0:0:0:1','2021-03-11 23:09:57','findAll','','20210122161855','嘿嘿企业'),
('5a8e899f-b1f5-4caf-9a25-a93164fad1a8','wudi','0:0:0:0:0:0:0:1','2021-03-15 22:21:19','findAll','查询所有购销合同','20210122161855','嘿嘿企业'),
('5a96bc36-f847-4cdb-a9cb-035deb85cd4d','wudi','0:0:0:0:0:0:0:1','2021-03-15 21:31:06','findAll','','20210122161855','嘿嘿企业'),
('5acf445b-ef28-4e2a-b0df-e31c62a99a5f','wudi','0:0:0:0:0:0:0:1','2021-03-11 22:54:33','findAll','','20210122161855','嘿嘿企业'),
('5b629da7-4f05-466d-b09f-ac12815d71c9','wudi','0:0:0:0:0:0:0:1','2021-03-15 22:21:22','findAll','查询所有购销合同','20210122161855','嘿嘿企业'),
('5b817f1c-03f1-4dae-9427-d9205ccbbef1','wudi','0:0:0:0:0:0:0:1','2021-03-11 22:35:15','findAll','','20210122161855','嘿嘿企业'),
('5c279ecc-d29c-4e8c-92c8-c0ccca49ae8c','wudi','0:0:0:0:0:0:0:1','2021-03-11 22:40:04','findAll','','20210122161855','嘿嘿企业'),
('5c39d5b5-78c4-42cf-9b19-a8045ab2b604','wudi','0:0:0:0:0:0:0:1','2021-03-08 21:35:45','list','根据企业id查询所有 购销合同列表','20210122161855','嘿嘿企业'),
('5c402570-f638-4512-8ea7-83ffbc1e0e7f','wudi','0:0:0:0:0:0:0:1','2021-03-22 21:29:21','findAll','查询所有购销合同','20210122161855','嘿嘿企业'),
('5c5fee62-4f3e-4f3a-ba10-8654a08b2868','wudi','0:0:0:0:0:0:0:1','2021-03-15 21:47:18','findAll','查询所有购销合同','20210122161855','嘿嘿企业'),
('5d132311-f13a-4b84-b772-dffccf908ca5','wudi','0:0:0:0:0:0:0:1','2021-03-11 22:54:34','findAll','','20210122161855','嘿嘿企业'),
('5edb5823-e7ff-47f1-86af-3dfe03eb1b4e','wudi','127.0.0.1','2021-03-08 22:11:09','list','根据企业id查询所有 购销合同列表','20210122161855','嘿嘿企业'),
('5f771b05-b509-437f-98e6-1f12744c726d','wudi','0:0:0:0:0:0:0:1','2021-03-11 22:54:32','findAll','','20210122161855','嘿嘿企业'),
('5f7ec6bc-1b14-4b31-a1f0-9e453ba038a3','wudi','127.0.0.1','2021-02-04 15:45:44','findAll','查找所有角色','20210122161855','嘿嘿企业'),
('5f89e8f2-1aa9-4db2-9243-d994ae636f40','wudi','0:0:0:0:0:0:0:1','2021-03-22 21:02:57','edit','新增购销合同','20210122161855','嘿嘿企业'),
('5fb62649-c43e-47ac-8e9c-1a2f8b36d554','wudi','0:0:0:0:0:0:0:1','2021-03-15 22:21:26','findAll','查询所有购销合同','20210122161855','嘿嘿企业'),
('5ff3ce36-73e2-4ad0-9063-189ce6227353','wudi','0:0:0:0:0:0:0:1','2021-03-16 22:03:25','edit','新增购销合同','20210122161855','嘿嘿企业'),
('600ca905-93a6-4613-b620-cad767be2ec7','wudi','0:0:0:0:0:0:0:1','2021-03-22 20:55:11','findAll','查询所有购销合同','20210122161855','嘿嘿企业'),
('601d6f08-329a-4b0a-9b33-3371381a67f8','wudi','0:0:0:0:0:0:0:1','2021-03-15 21:35:22','findAll','','20210122161855','嘿嘿企业'),
('60e6e134-0793-4b2a-a591-b35b4c23e95e','wudi','0:0:0:0:0:0:0:1','2021-03-15 22:21:35','findAll','查询所有购销合同','20210122161855','嘿嘿企业'),
('60f0c9cc-fc1d-4c9a-96b8-a45bbb632ab3','wudi','0:0:0:0:0:0:0:1','2021-03-22 21:19:19','findAll','查询所有购销合同','20210122161855','嘿嘿企业'),
('614bef98-833d-4259-ac1c-ebe03117e2a1','wudi','0:0:0:0:0:0:0:1','2021-03-15 21:37:07','findAll','','20210122161855','嘿嘿企业'),
('6197f33a-caff-4250-a78d-2221dba35317','wudi','0:0:0:0:0:0:0:1','2021-03-11 21:48:36','findAll','查找所有用户','20210122161855','嘿嘿企业'),
('61d0b312-bd2b-4a5d-a359-248f5df613df','wudi','0:0:0:0:0:0:0:1','2021-03-15 21:31:13','findAll','','20210122161855','嘿嘿企业'),
('61dee338-41e0-4715-84af-788fafef74c5','wudi','0:0:0:0:0:0:0:1','2021-03-11 22:40:06','findAll','','20210122161855','嘿嘿企业'),
('61e07308-bae9-4c1e-aa16-e2dd9fec16eb','wudi','0:0:0:0:0:0:0:1','2021-03-15 21:31:19','findAll','','20210122161855','嘿嘿企业'),
('643a4f31-6f0f-42f0-90bb-04b6266066cd','wudi','0:0:0:0:0:0:0:1','2021-03-15 21:31:13','findAll','','20210122161855','嘿嘿企业'),
('64cd4f87-abf5-46b6-92c0-66bccc87d396','wudi','127.0.0.1','2021-02-04 15:42:58','toAdd','用户跳转到新增页面','20210122161855','嘿嘿企业'),
('6579cc6a-51d0-4a87-82e3-fa49f8e644c3','wudi','0:0:0:0:0:0:0:1','2021-03-15 21:30:59','findAll','','20210122161855','嘿嘿企业'),
('65ed9091-b5fd-4340-ac21-d69a4ce87d10','wudi','0:0:0:0:0:0:0:1','2021-03-11 23:10:06','findAll','','20210122161855','嘿嘿企业'),
('675185dd-f9e5-4a67-8f3b-e930a23e0e41','wudi','0:0:0:0:0:0:0:1','2021-02-21 20:41:59','findAll','查找所有日志','20210122161855','嘿嘿企业'),
('67611428-38fc-4d23-8e7b-4f314835cda9','wudi','127.0.0.1','2021-02-04 15:35:40','findAll','查找所有用户','20210122161855','嘿嘿企业'),
('67cfb548-2acf-4431-b879-c4f2e6a7dfaa','wudi','0:0:0:0:0:0:0:1','2021-03-15 22:21:20','findAll','查询所有购销合同','20210122161855','嘿嘿企业'),
('687efebb-b53b-465d-8e0f-dd7827076689','wudi','0:0:0:0:0:0:0:1','2021-03-09 21:59:12','list','根据企业id查询所有 购销合同列表','20210122161855','嘿嘿企业'),
('68819157-879b-47a0-beb3-4e1eca1cda00','wudi','0:0:0:0:0:0:0:1','2021-03-22 21:20:06','toView','查看购销合同','20210122161855','嘿嘿企业'),
('69405f74-103d-4f2c-8ab2-8401211e8e11','wudi','0:0:0:0:0:0:0:1','2021-03-15 21:31:05','findAll','','20210122161855','嘿嘿企业'),
('6994ce83-fa77-4855-8865-a76d2b23f472','wudi','0:0:0:0:0:0:0:1','2021-03-15 21:31:10','findAll','','20210122161855','嘿嘿企业'),
('6a691f0e-1835-439e-acbb-e4afb7e63922','wudi','0:0:0:0:0:0:0:1','2021-03-11 22:40:17','findAll','','20210122161855','嘿嘿企业'),
('6a6ea1c6-926a-432a-8107-6620374e2d11','wudi','0:0:0:0:0:0:0:1','2021-03-22 21:28:37','findAll','查询所有购销合同','20210122161855','嘿嘿企业'),
('6ad9270d-5d31-43be-a19e-3de4318398d3','wudi','0:0:0:0:0:0:0:1','2021-03-09 21:58:47','findAll','查找所有用户','20210122161855','嘿嘿企业'),
('6b36a166-d916-4916-a8f9-45a0a34ba140','wudi','0:0:0:0:0:0:0:1','2021-03-15 22:21:30','findAll','查询所有购销合同','20210122161855','嘿嘿企业'),
('6b9f72af-6453-4b25-a300-a41fe15feab1','wudi','0:0:0:0:0:0:0:1','2021-03-11 22:42:27','findAll','','20210122161855','嘿嘿企业'),
('6bc188db-3634-454e-853b-665ef7e3cc6b','wudi','0:0:0:0:0:0:0:1','2021-03-15 22:21:33','findAll','查询所有购销合同','20210122161855','嘿嘿企业'),
('6c21d993-9157-4f52-93df-dd19bf38c86f','wudi','0:0:0:0:0:0:0:1','2021-03-09 21:52:24','findAll','查找所有用户','20210122161855','嘿嘿企业'),
('6c692066-e98c-4c85-ba7b-3e0220a113df','wudi','0:0:0:0:0:0:0:1','2021-03-11 22:46:57','findAll','','20210122161855','嘿嘿企业'),
('6cb1c99a-73d1-42cc-9a78-7e2416bd535d','wudi','127.0.0.1','2021-02-04 15:42:49','findAll','查找所有用户','20210122161855','嘿嘿企业'),
('6d5a5ded-9b32-4204-b6fa-730646f57ac1','wudi','127.0.0.1','2021-02-04 15:35:57','findAll','查找所有日志','20210122161855','嘿嘿企业'),
('6d996a3a-82f9-40f9-baba-fd0176ae6526','wudi','0:0:0:0:0:0:0:1','2021-03-15 22:21:32','findAll','查询所有购销合同','20210122161855','嘿嘿企业'),
('6e01ef32-26e6-426a-9ac3-069222a469ee','wudi','0:0:0:0:0:0:0:1','2021-03-11 22:44:53','findAll','','20210122161855','嘿嘿企业'),
('6eb6c5fc-849a-4bd0-a842-fc09ab4f0b0b','wudi','0:0:0:0:0:0:0:1','2021-03-22 21:29:59','findAll','查询所有购销合同','20210122161855','嘿嘿企业'),
('6ee76c47-cfa3-4600-b0c0-140ef74542e7','wudi','0:0:0:0:0:0:0:1','2021-03-22 21:38:04','findAll','查询所有购销合同','20210122161855','嘿嘿企业'),
('6f415f34-b58c-461d-b0e9-38bc2a7f7b05','wudi','0:0:0:0:0:0:0:1','2021-03-08 21:35:25','list','根据企业id查询所有 购销合同列表','20210122161855','嘿嘿企业'),
('6f6370b4-e7ef-4d0b-8610-8aedfa2c97c7','wudi','0:0:0:0:0:0:0:1','2021-03-15 22:20:19','findAll','查询所有购销合同','20210122161855','嘿嘿企业'),
('6f9f6853-ec35-44dc-961f-19c304996bea','wudi','0:0:0:0:0:0:0:1','2021-03-15 21:31:15','findAll','','20210122161855','嘿嘿企业'),
('6f9fdd3b-a991-4e99-9b87-ecaedd076052','wudi','0:0:0:0:0:0:0:1','2021-03-15 22:21:29','findAll','查询所有购销合同','20210122161855','嘿嘿企业'),
('6ff458f7-07cc-4d55-9133-3d246716883d','wudi','0:0:0:0:0:0:0:1','2021-03-16 21:31:07','toAdd','前往购销合同新增页面','20210122161855','嘿嘿企业'),
('7048d884-34a4-43ed-a184-2c976164dab7','wudi','0:0:0:0:0:0:0:1','2021-03-22 20:46:24','findAll','查询所有购销合同','20210122161855','嘿嘿企业'),
('7099745a-842b-4dfd-a2c4-1a4b9ffc61f8','wudi','0:0:0:0:0:0:0:1','2021-03-15 22:21:20','findAll','查询所有购销合同','20210122161855','嘿嘿企业'),
('70df7743-2d27-4a9a-8b4c-49fa82cc6936','wudi','127.0.0.1','2021-03-08 22:16:37','findAll','查找所有日志','20210122161855','嘿嘿企业'),
('70e316cf-f008-48bd-848e-50fe408ef907','wudi','0:0:0:0:0:0:0:1','2021-03-15 22:21:34','findAll','查询所有购销合同','20210122161855','嘿嘿企业'),
('712bc4d7-2d5d-4b34-8e17-4c60429159b7','wudi','0:0:0:0:0:0:0:1','2021-03-11 22:40:07','findAll','','20210122161855','嘿嘿企业'),
('720409e9-a3dd-41b1-8c13-04f879ae013c','wudi','0:0:0:0:0:0:0:1','2021-03-15 22:21:29','findAll','查询所有购销合同','20210122161855','嘿嘿企业'),
('72048937-b6c0-4a9b-ad54-3111e75b574c','wudi','0:0:0:0:0:0:0:1','2021-02-22 22:18:24','findAll','查找所有部门','20210122161855','嘿嘿企业'),
('72396f41-8d96-4032-aeaa-60027733312a','wudi','0:0:0:0:0:0:0:1','2021-03-22 21:38:06','toAdd','前往购销合同新增页面','20210122161855','嘿嘿企业'),
('72d05fb1-e691-46f2-bac4-1c9242f27d07','wudi','127.0.0.1','2021-02-04 15:42:40','toAdd','用户跳转到新增页面','20210122161855','嘿嘿企业'),
('72d59fbb-690b-40fc-a0d0-69b012b537bd','wudi','0:0:0:0:0:0:0:1','2021-03-22 21:30:00','findAll','查询所有购销合同','20210122161855','嘿嘿企业'),
('731ae3eb-f41e-49f2-b70a-df582b90446d','wudi','0:0:0:0:0:0:0:1','2021-03-11 22:54:37','findAll','','20210122161855','嘿嘿企业'),
('73c65f8d-1d59-4b80-9373-c18d7dcb2ec5','wudi','127.0.0.1','2021-03-11 22:14:55','findAll','','20210122161855','嘿嘿企业'),
('75058c93-5086-483a-aefe-9f378aad8816','wudi','0:0:0:0:0:0:0:1','2021-03-15 21:31:12','findAll','','20210122161855','嘿嘿企业'),
('758a1990-d9bb-4dac-9dec-a685e7f861b0','wudi','0:0:0:0:0:0:0:1','2021-03-11 21:46:01','findAll','','20210122161855','嘿嘿企业'),
('777723b8-3ae1-44eb-9e2f-3278e8e4874e','wudi','0:0:0:0:0:0:0:1','2021-03-08 21:50:46','list','根据企业id查询所有 购销合同列表','20210122161855','嘿嘿企业'),
('77cbb536-fe30-4248-8ec8-97385b440864','wudi','0:0:0:0:0:0:0:1','2021-03-11 22:40:16','findAll','','20210122161855','嘿嘿企业'),
('788f3269-5353-4597-8406-f57577a663d8','wudi','0:0:0:0:0:0:0:1','2021-03-22 21:29:09','findAll','查询所有购销合同','20210122161855','嘿嘿企业'),
('789baf8f-5279-409c-9d4b-092143d62f1a','wudi','0:0:0:0:0:0:0:1','2021-03-08 21:50:47','list','根据企业id查询所有 购销合同列表','20210122161855','嘿嘿企业'),
('7a1077a4-0bcf-455b-bb37-68602bfeae0d','wudi','0:0:0:0:0:0:0:1','2021-03-11 23:10:15','findAll','','20210122161855','嘿嘿企业'),
('7a1ace8c-ec98-4dd7-9814-bf402695cb59','wudi','0:0:0:0:0:0:0:1','2021-03-08 21:50:48','list','根据企业id查询所有 购销合同列表','20210122161855','嘿嘿企业'),
('7b032267-6c43-42c2-8860-30fa144aca8a','wudi','0:0:0:0:0:0:0:1','2021-03-16 21:34:13','findAll','查询所有购销合同','20210122161855','嘿嘿企业'),
('7b1c79ce-c5bd-4961-9b53-7d8e19d85538','wudi','0:0:0:0:0:0:0:1','2021-03-15 21:31:14','findAll','','20210122161855','嘿嘿企业'),
('7b5e1784-db66-4e34-9a1e-59786a155f68','wudi','0:0:0:0:0:0:0:1','2021-03-11 23:01:47','findAll','','20210122161855','嘿嘿企业'),
('7b694aef-32ba-4aa4-9e89-4de3d2b3a3b9','wudi','0:0:0:0:0:0:0:1','2021-03-11 22:54:33','findAll','','20210122161855','嘿嘿企业'),
('7b9e0adf-11fb-4abd-a0ab-b6c3859493ac','wudi','0:0:0:0:0:0:0:1','2021-03-11 23:09:45','findAll','','20210122161855','嘿嘿企业'),
('7c41fe31-175f-4741-9d58-93ac92047657','wudi','0:0:0:0:0:0:0:1','2021-03-22 21:27:44','findAll','查找所有日志','20210122161855','嘿嘿企业'),
('7c5bdcf7-c9fa-4632-8f4c-d3b105bd6c71','wudi','0:0:0:0:0:0:0:1','2021-04-06 21:55:33','toView','查看购销合同','20210122161855','嘿嘿企业'),
('7cf1030b-293c-4f00-a6ef-fc7ac8d7a09a','wudi','127.0.0.1','2021-03-08 22:27:08','findAll','查找所有日志','20210122161855','嘿嘿企业'),
('7e1c2934-235c-4d48-8f30-4e08680e4f11','wudi','0:0:0:0:0:0:0:1','2021-03-22 21:29:19','findAll','查询所有购销合同','20210122161855','嘿嘿企业'),
('7f0c2bd9-fc9d-4c0a-835d-4fedde6a8fba','wudi','0:0:0:0:0:0:0:1','2021-03-16 20:58:40','toAdd','前往购销合同新增页面','20210122161855','嘿嘿企业'),
('7fb21e85-d7b5-4db0-a511-f50c56fce9e0','wudi','127.0.0.1','2021-03-11 22:16:50','findAll','','20210122161855','嘿嘿企业'),
('7fe29fb9-194b-49b7-a362-fb87c04a37a4','wudi','0:0:0:0:0:0:0:1','2021-03-11 22:54:33','findAll','','20210122161855','嘿嘿企业'),
('804bbf58-797b-45ff-ac1a-095b961e4f0c','wudi','0:0:0:0:0:0:0:1','2021-03-11 22:54:30','findAll','','20210122161855','嘿嘿企业'),
('806048a8-3b92-4df1-aba1-8d20e6d3e362','wudi','0:0:0:0:0:0:0:1','2021-03-16 21:39:13','findAll','查询所有购销合同','20210122161855','嘿嘿企业'),
('8138f88e-8e11-49a5-9b60-829d22625200','wudi','0:0:0:0:0:0:0:1','2021-03-22 21:20:10','findAll','查询所有购销合同','20210122161855','嘿嘿企业'),
('81542030-c7ca-4428-95d5-a120b11953d2','wudi','0:0:0:0:0:0:0:1','2021-03-11 22:54:31','findAll','','20210122161855','嘿嘿企业'),
('816d9d2c-fc43-4f08-99e4-61414f74961e','wudi','0:0:0:0:0:0:0:1','2021-03-22 21:38:52','toUpdate','前往购销合同编辑页面','20210122161855','嘿嘿企业'),
('81c1cc8c-5601-4482-a179-a61a0dd8681e','wudi','0:0:0:0:0:0:0:1','2021-03-09 21:57:47','findAll','查找所有用户','20210122161855','嘿嘿企业'),
('823b6729-88a0-4229-b841-1e9894219131','wudi','0:0:0:0:0:0:0:1','2021-03-11 22:54:33','findAll','','20210122161855','嘿嘿企业'),
('824c0acc-20dd-4542-9a4a-10c9e129d755','wudi','0:0:0:0:0:0:0:1','2021-03-15 21:30:58','findAll','','20210122161855','嘿嘿企业'),
('82b39243-1c56-4c6f-a84f-38c75a14edcb','wudi','0:0:0:0:0:0:0:1','2021-03-08 21:50:46','list','根据企业id查询所有 购销合同列表','20210122161855','嘿嘿企业'),
('838f5e37-c7a8-4570-a7b2-c48765b2e6f3','wudi','0:0:0:0:0:0:0:1','2021-02-21 20:41:45','findAll','查找所有日志','20210122161855','嘿嘿企业'),
('83bb5527-29b2-4fe6-8b12-4f1609dc162d','wudi','0:0:0:0:0:0:0:1','2021-03-09 21:57:54','findAll','查找所有用户','20210122161855','嘿嘿企业'),
('840b12a3-c92b-4e3d-a9fc-e6f81bef59e4','wudi','127.0.0.1','2021-02-04 15:50:36','findAll','查找所有用户','20210122161855','嘿嘿企业'),
('84b0a9ba-30d9-4139-a48d-caa767f677e4','wudi','127.0.0.1','2021-02-04 15:49:48','findAll','查找所有用户','20210122161855','嘿嘿企业'),
('8568c232-bb5e-4e73-b01a-243d4365aadd','wudi','127.0.0.1','2021-03-08 22:09:33','list','根据企业id查询所有 购销合同列表','20210122161855','嘿嘿企业'),
('85c3f3be-a701-43c0-b9a5-276b0540af15','wudi','127.0.0.1','2021-03-08 22:16:46','findAll','查找所有部门','20210122161855','嘿嘿企业'),
('85d17800-4277-428c-acad-3a9c222df30e','wudi','0:0:0:0:0:0:0:1','2021-03-22 21:38:23','edit','新增/编辑购销合同','20210122161855','嘿嘿企业'),
('867178e1-2b49-4fa8-8ccc-8735ad0d2ccf','wudi','0:0:0:0:0:0:0:1','2021-03-11 22:55:03','findAll','','20210122161855','嘿嘿企业'),
('86a43f7f-b3b1-4578-939c-d96c7078e32a','wudi','0:0:0:0:0:0:0:1','2021-03-15 21:31:18','findAll','','20210122161855','嘿嘿企业'),
('86e801e1-075e-4957-91a0-33a9cc01069d','wudi','0:0:0:0:0:0:0:1','2021-03-22 21:34:27','findAll','查询所有购销合同','20210122161855','嘿嘿企业'),
('86eb6986-d3c0-4834-b00a-12ad8bc2689a','wudi','0:0:0:0:0:0:0:1','2021-03-11 23:09:46','findAll','','20210122161855','嘿嘿企业'),
('872b6364-8b7d-4750-880e-ea202f569f88','wudi','0:0:0:0:0:0:0:1','2021-03-22 21:21:49','delete','删除购销合同','20210122161855','嘿嘿企业'),
('873c339a-c2fe-42ee-b4b0-41a8d36edd85','wudi','0:0:0:0:0:0:0:1','2021-03-22 21:34:40','findAll','查询所有购销合同','20210122161855','嘿嘿企业'),
('87b78f42-2690-4583-8cda-5f0129803506','wudi','0:0:0:0:0:0:0:1','2021-03-08 21:50:46','list','根据企业id查询所有 购销合同列表','20210122161855','嘿嘿企业'),
('891d773f-4b50-4c18-9956-8b45d787ea99','wudi','0:0:0:0:0:0:0:1','2021-03-11 22:40:19','findAll','','20210122161855','嘿嘿企业'),
('89499987-2578-47e8-98be-989229cdf303','wudi','0:0:0:0:0:0:0:1','2021-03-11 22:40:07','findAll','','20210122161855','嘿嘿企业'),
('8979dcaf-d5ed-40ac-af6e-ab12ba52bbbd','wudi','0:0:0:0:0:0:0:1','2021-03-11 22:40:04','findAll','','20210122161855','嘿嘿企业'),
('8a67c261-446c-49fa-875c-2e360195e039','wudi','0:0:0:0:0:0:0:1','2021-03-11 21:47:59','findAll','','20210122161855','嘿嘿企业'),
('8a7a31ce-20c8-4212-918f-2326156839ed','wudi','0:0:0:0:0:0:0:1','2021-03-11 21:45:37','findAll','查找所有部门','20210122161855','嘿嘿企业'),
('8af57473-7839-407f-b231-2207a8c51457','wudi','0:0:0:0:0:0:0:1','2021-03-11 22:42:33','findAll','','20210122161855','嘿嘿企业'),
('8bdb2cad-1b34-4148-9079-be8ea5727f1d','wudi','0:0:0:0:0:0:0:1','2021-03-15 22:21:30','findAll','查询所有购销合同','20210122161855','嘿嘿企业'),
('8bfbc1aa-2b3b-44a0-a2ed-cd800dc39b91','wudi','0:0:0:0:0:0:0:1','2021-03-11 22:40:05','findAll','','20210122161855','嘿嘿企业'),
('8c4ef6f1-77a0-410d-ad69-ca10cfb48d03','wudi','0:0:0:0:0:0:0:1','2021-03-11 22:46:58','findAll','','20210122161855','嘿嘿企业'),
('8cf2706a-dc0e-4634-8171-c9870703563e','wudi','0:0:0:0:0:0:0:1','2021-03-15 22:21:26','findAll','查询所有购销合同','20210122161855','嘿嘿企业'),
('8ded5e50-86e6-4680-82f4-1b891344e41e','wudi','0:0:0:0:0:0:0:1','2021-03-15 21:30:45','findAll','','20210122161855','嘿嘿企业'),
('8e1d5f13-4f92-4662-bcab-ca5ff8d11cc0','wudi','0:0:0:0:0:0:0:1','2021-02-22 22:13:58','findAll','查找所有日志','20210122161855','嘿嘿企业'),
('8ee6ac5a-783b-4244-b7ca-5b8e90b1081f','wudi','0:0:0:0:0:0:0:1','2021-03-11 23:09:43','findAll','','20210122161855','嘿嘿企业'),
('8efa3c6f-336f-405a-b55e-5316f036f462','wudi','127.0.0.1','2021-03-09 21:33:49','list','根据企业id查询所有 购销合同列表','20210122161855','嘿嘿企业'),
('8f587a87-9dc4-467a-882e-0c63483e44bf','wudi','0:0:0:0:0:0:0:1','2021-03-11 22:54:32','findAll','','20210122161855','嘿嘿企业'),
('8fb04d47-0eed-4d40-acb3-64dd351aebee','wudi','0:0:0:0:0:0:0:1','2021-03-11 22:54:31','findAll','','20210122161855','嘿嘿企业'),
('8fd18de0-91f2-41fd-94f5-652646b306ae','wudi','0:0:0:0:0:0:0:1','2021-03-22 21:28:37','edit','新增/编辑购销合同','20210122161855','嘿嘿企业'),
('8fdf3208-33db-45e9-a9fc-2cd9e7fb2fdc','wudi','0:0:0:0:0:0:0:1','2021-03-15 21:31:13','findAll','','20210122161855','嘿嘿企业'),
('901ba92e-d97a-48f8-9f8e-680e70d2fca4','wudi','0:0:0:0:0:0:0:1','2021-03-11 23:09:47','findAll','','20210122161855','嘿嘿企业'),
('9027abf1-e41c-4f58-8fa1-5196ec3e11f4','wudi','0:0:0:0:0:0:0:1','2021-03-11 23:09:32','findAll','','20210122161855','嘿嘿企业'),
('90a9abe2-6e5f-41e6-b917-09baca24d83d','wudi','0:0:0:0:0:0:0:1','2021-03-15 22:20:24','toAdd','前往购销合同新增页面','20210122161855','嘿嘿企业'),
('912c9c39-6473-45bb-b4d9-8c130f58d39d','wudi','0:0:0:0:0:0:0:1','2021-03-22 21:22:43','toUpdate','前往购销合同编辑页面','20210122161855','嘿嘿企业'),
('91bfb3c5-8418-4c74-bfe9-b525c7aebfa2','wudi','0:0:0:0:0:0:0:1','2021-03-08 21:35:42','list','根据企业id查询所有 购销合同列表','20210122161855','嘿嘿企业'),
('91d96d78-c7e1-4f1f-b115-bdc2fcb76f90','wudi','0:0:0:0:0:0:0:1','2021-03-09 21:57:52','findAll','查找所有用户','20210122161855','嘿嘿企业'),
('92911457-7616-437b-a987-cbd55aaf5f31','wudi','0:0:0:0:0:0:0:1','2021-03-11 22:40:06','findAll','','20210122161855','嘿嘿企业'),
('92fb9b93-c715-4b6c-8932-f55622c22478','wudi','0:0:0:0:0:0:0:1','2021-03-15 22:21:36','findAll','查询所有购销合同','20210122161855','嘿嘿企业'),
('9307c7db-4d71-433e-a1a8-0e852412c720','wudi','0:0:0:0:0:0:0:1','2021-03-09 22:00:22','list','根据企业id查询所有 购销合同列表','20210122161855','嘿嘿企业'),
('93acf76c-817c-4da5-9ccc-3e7379c88985','wudi','0:0:0:0:0:0:0:1','2021-03-09 21:59:03','findAll','查找所有用户','20210122161855','嘿嘿企业'),
('9444b00c-b1c3-4bbe-98ea-d30968a43543','wudi','0:0:0:0:0:0:0:1','2021-03-11 23:09:42','findAll','','20210122161855','嘿嘿企业'),
('944fac01-c006-49ff-9641-308f1e13416f','wudi','0:0:0:0:0:0:0:1','2021-03-11 22:36:52','findAll','','20210122161855','嘿嘿企业'),
('961f7b0b-ef35-4796-95e7-82d43a65f6c6','wudi','0:0:0:0:0:0:0:1','2021-03-22 20:58:00','edit','新增购销合同','20210122161855','嘿嘿企业'),
('96702dd9-42d9-4da6-8cda-fb36c957d24c','wudi','0:0:0:0:0:0:0:1','2021-03-11 22:47:11','findAll','','20210122161855','嘿嘿企业'),
('96c0d179-0fd8-4ae6-a625-6fcdc0492f1a','wudi','0:0:0:0:0:0:0:1','2021-03-08 21:50:45','list','根据企业id查询所有 购销合同列表','20210122161855','嘿嘿企业'),
('96edb02d-af3a-4306-95f5-5f70e9e4a125','wudi','0:0:0:0:0:0:0:1','2021-03-11 23:09:44','findAll','','20210122161855','嘿嘿企业'),
('979ec3dc-fb55-438d-b154-75c888a276d3','wudi','0:0:0:0:0:0:0:1','2021-03-22 21:40:08','findAll','查询所有购销合同','20210122161855','嘿嘿企业'),
('97c5639a-a41f-4c24-bc33-e7ee9a564811','wudi','0:0:0:0:0:0:0:1','2021-03-08 21:50:47','list','根据企业id查询所有 购销合同列表','20210122161855','嘿嘿企业'),
('98410c80-333f-441e-a816-816b2ddb7ec0','wudi','0:0:0:0:0:0:0:1','2021-04-06 21:55:51','findAll','查询所有购销合同','20210122161855','嘿嘿企业'),
('986c159d-cf97-4446-b4e9-33f1afed4bdc','wudi','0:0:0:0:0:0:0:1','2021-03-11 23:09:35','findAll','','20210122161855','嘿嘿企业'),
('98e625ba-5429-42ff-91c0-8f6784832f2d','wudi','0:0:0:0:0:0:0:1','2021-03-11 22:40:17','findAll','','20210122161855','嘿嘿企业'),
('99226948-93ac-4d26-b943-8aa632f5c497','wudi','0:0:0:0:0:0:0:1','2021-03-22 21:40:15','edit','新增/编辑购销合同','20210122161855','嘿嘿企业'),
('99a8fd3f-93e1-4395-9df7-816547c35264','wudi','0:0:0:0:0:0:0:1','2021-03-15 22:21:02','findAll','查询所有购销合同','20210122161855','嘿嘿企业'),
('9a534f16-b050-491b-9d11-51b198fa4397','wudi','127.0.0.1','2021-02-04 15:44:27','toAdd','用户跳转到新增页面','20210122161855','嘿嘿企业'),
('9a6ac3ce-b82b-4513-a16c-6d26eb4b9955','wudi','0:0:0:0:0:0:0:1','2021-03-11 21:47:34','findAll','','20210122161855','嘿嘿企业'),
('9b47689a-af8f-4ba5-a57b-641108e676d4','wudi','0:0:0:0:0:0:0:1','2021-03-15 22:01:39','findAll','查询所有购销合同','20210122161855','嘿嘿企业'),
('9bb497ea-b4cc-4a40-85a8-27c0e8496616','wudi','0:0:0:0:0:0:0:1','2021-03-22 21:21:19','toAdd','前往购销合同新增页面','20210122161855','嘿嘿企业'),
('9bc99c34-4d0c-4271-96ed-8c0abd2d5988','wudi','0:0:0:0:0:0:0:1','2021-03-22 21:38:38','edit','新增/编辑购销合同','20210122161855','嘿嘿企业'),
('9d45f79d-2e3e-479b-98e3-852448cb2a7e','wudi','0:0:0:0:0:0:0:1','2021-03-15 21:55:47','findAll','查询所有购销合同','20210122161855','嘿嘿企业'),
('9d90b0eb-e034-4fb0-9f85-f266d7d0fa75','wudi','0:0:0:0:0:0:0:1','2021-03-15 21:31:21','findAll','','20210122161855','嘿嘿企业'),
('9dd72ae7-66d4-48cc-a334-f0636fb4f2c2','wudi','0:0:0:0:0:0:0:1','2021-03-22 21:29:15','findAll','查询所有购销合同','20210122161855','嘿嘿企业'),
('9dfc7bd5-2ee0-47bb-ba98-4fb178fba179','wudi','0:0:0:0:0:0:0:1','2021-03-11 23:10:18','findAll','','20210122161855','嘿嘿企业'),
('9ed78fae-86e5-4279-a0d7-1f87f83ad22f','wudi','0:0:0:0:0:0:0:1','2021-03-09 21:58:34','initModuleData','初始化权限管理','20210122161855','嘿嘿企业'),
('9f23f4e7-f66a-43b6-b03f-bf61ae31d7d7','wudi','0:0:0:0:0:0:0:1','2021-03-11 23:09:45','findAll','','20210122161855','嘿嘿企业'),
('9f639772-4ee4-4a3e-9f76-4a412cc43c18','wudi','0:0:0:0:0:0:0:1','2021-03-15 22:21:36','findAll','查询所有购销合同','20210122161855','嘿嘿企业'),
('9fc34ba2-f1c9-46c3-b298-a959f8bca329','wudi','127.0.0.1','2021-02-04 15:35:29','toUpdate','跳转到更新用户界面','20210122161855','嘿嘿企业'),
('a01945d7-ae91-4a20-9e8b-1a73f7775d3a','wudi','127.0.0.1','2021-02-04 15:35:12','toAdd','用户跳转到新增页面','20210122161855','嘿嘿企业'),
('a03f8fb3-07e2-49b3-8443-b8199f0fe0fe','wudi','127.0.0.1','2021-02-04 15:45:46','findAll','查找所有部门','20210122161855','嘿嘿企业'),
('a2c15b0b-1b1c-48ed-8663-c1da54a018a1','wudi','0:0:0:0:0:0:0:1','2021-03-15 22:21:35','findAll','查询所有购销合同','20210122161855','嘿嘿企业'),
('a3a2bc28-81f2-4868-9e88-16729d38c594','wudi','127.0.0.1','2021-02-04 15:50:35','edit','新增或者更新用户','20210122161855','嘿嘿企业'),
('a41b2252-57fb-40bc-a6c1-95744d57e09f','wudi','0:0:0:0:0:0:0:1','2021-03-22 21:27:39','findAll','查找所有日志','20210122161855','嘿嘿企业'),
('a4fabdb9-c055-47e1-80bc-4f09bd603230','wudi','127.0.0.1','2021-02-04 15:35:20','toAdd','用户跳转到新增页面','20210122161855','嘿嘿企业'),
('a52018ab-e20b-4388-8e5a-1c9ae0a6517e','wudi','0:0:0:0:0:0:0:1','2021-03-22 21:31:04','toUpdate','前往购销合同编辑页面','20210122161855','嘿嘿企业'),
('a52fc178-fb00-48e7-8b9f-bafc8169d0cb','wudi','0:0:0:0:0:0:0:1','2021-03-15 21:37:16','findAll','','20210122161855','嘿嘿企业'),
('a5b90998-a33f-45eb-8e14-24178b4715cc','wudi','0:0:0:0:0:0:0:1','2021-03-15 21:31:13','findAll','','20210122161855','嘿嘿企业'),
('a617e8c5-ab4b-4fb1-ac45-00048464da2a','wudi','0:0:0:0:0:0:0:1','2021-03-15 22:21:25','findAll','查询所有购销合同','20210122161855','嘿嘿企业'),
('a661cd5e-c25e-46e1-a0d3-f06928a4a209','wudi','0:0:0:0:0:0:0:1','2021-03-08 22:03:28','list','根据企业id查询所有 购销合同列表','20210122161855','嘿嘿企业'),
('a6966fbd-cb3f-40d8-86e7-5744132d31e8','wudi','0:0:0:0:0:0:0:1','2021-03-15 22:21:31','findAll','查询所有购销合同','20210122161855','嘿嘿企业'),
('a6ac0997-fd4c-4093-b9b4-4393159a7943','wudi','0:0:0:0:0:0:0:1','2021-03-11 22:42:25','findAll','','20210122161855','嘿嘿企业'),
('a78703f0-117e-440f-9fa4-369bd118d5fb','wudi','0:0:0:0:0:0:0:1','2021-03-22 21:31:11','edit','新增/编辑购销合同','20210122161855','嘿嘿企业'),
('a86ace95-a757-450e-89ab-187ca772e0ed','wudi','0:0:0:0:0:0:0:1','2021-03-11 22:40:03','findAll','','20210122161855','嘿嘿企业'),
('a898aede-75bb-4ae6-bb31-52b3481fbe56','wudi','0:0:0:0:0:0:0:1','2021-03-11 22:58:41','findAll','','20210122161855','嘿嘿企业'),
('a8ed0099-2eaf-424d-84f2-f8a26e849436','wudi','0:0:0:0:0:0:0:1','2021-03-11 22:54:33','findAll','','20210122161855','嘿嘿企业'),
('a92fa817-a86e-4906-8c54-4ea4ccccd05c','wudi','0:0:0:0:0:0:0:1','2021-03-11 22:40:05','findAll','','20210122161855','嘿嘿企业'),
('a9d5e84d-afb8-48da-bcc6-0cc6b0fcd233','wudi','0:0:0:0:0:0:0:1','2021-03-22 20:55:12','toAdd','前往购销合同新增页面','20210122161855','嘿嘿企业'),
('a9e6697d-2aa7-483c-abdc-322b5fded7d1','wudi','0:0:0:0:0:0:0:1','2021-03-11 22:40:17','findAll','','20210122161855','嘿嘿企业'),
('aa6a9742-5551-4d9c-86b9-b9aa1af08c22','wudi','0:0:0:0:0:0:0:1','2021-03-15 21:31:16','findAll','','20210122161855','嘿嘿企业'),
('aa9e9e98-7b66-4eed-8230-332da898dba3','wudi','0:0:0:0:0:0:0:1','2021-03-15 22:21:29','findAll','查询所有购销合同','20210122161855','嘿嘿企业'),
('abd56934-e6be-42a0-8a81-15354c0e609b','wudi','0:0:0:0:0:0:0:1','2021-03-11 22:46:58','findAll','','20210122161855','嘿嘿企业'),
('ac55235c-1538-4a01-8344-7cd919ec45ad','wudi','0:0:0:0:0:0:0:1','2021-03-22 21:24:02','findAll','查询所有购销合同','20210122161855','嘿嘿企业'),
('ac96db4a-5c84-4412-9e2d-1bdaa8c3f1cc','wudi','0:0:0:0:0:0:0:1','2021-03-09 21:57:33','findAll','查找所有用户','20210122161855','嘿嘿企业'),
('ad18e48a-7b08-4f0f-9b6b-35f02deeba40','wudi','0:0:0:0:0:0:0:1','2021-03-11 22:40:08','findAll','','20210122161855','嘿嘿企业'),
('ad4a0ab6-a222-4c5a-8f0d-07b5edd4664a','wudi','127.0.0.1','2021-02-04 15:38:56','findAll','查找所有角色','20210122161855','嘿嘿企业'),
('ae0ee36e-aa05-48bf-94ec-fe333c257291','wudi','0:0:0:0:0:0:0:1','2021-03-11 22:47:01','findAll','','20210122161855','嘿嘿企业'),
('aeccc3ba-bb85-49e6-8c52-f0ebfca3a823','wudi','0:0:0:0:0:0:0:1','2021-03-11 22:40:05','findAll','','20210122161855','嘿嘿企业'),
('aed59179-a56a-4a1e-bb24-e810e54cc08f','wudi','0:0:0:0:0:0:0:1','2021-03-08 21:50:47','list','根据企业id查询所有 购销合同列表','20210122161855','嘿嘿企业'),
('af566213-18a3-436e-a6a5-6c0a384713ac','wudi','0:0:0:0:0:0:0:1','2021-03-11 23:10:18','findAll','','20210122161855','嘿嘿企业'),
('af9d874b-24af-4a3c-b784-46f0a409175e','wudi','0:0:0:0:0:0:0:1','2021-03-11 23:09:38','findAll','','20210122161855','嘿嘿企业'),
('afe6be85-a9de-4eca-b90c-765701fac953','wudi','0:0:0:0:0:0:0:1','2021-03-11 22:40:04','findAll','','20210122161855','嘿嘿企业'),
('b08b1ee7-3cac-4dac-8897-3b754b1fb272','wudi','0:0:0:0:0:0:0:1','2021-03-22 21:40:08','findAll','查询所有购销合同','20210122161855','嘿嘿企业'),
('b09cc1bc-8f80-4cba-be03-223678575d50','wudi','0:0:0:0:0:0:0:1','2021-03-22 21:02:57','findAll','查询所有购销合同','20210122161855','嘿嘿企业'),
('b0f66652-11fa-4b92-ace9-ace896b725d7','wudi','127.0.0.1','2021-02-04 15:39:01','findAll','查找所有用户','20210122161855','嘿嘿企业'),
('b0fc211e-e35c-49f3-80b8-802b7971491d','wudi','0:0:0:0:0:0:0:1','2021-03-09 21:58:06','findAll','查找所有用户','20210122161855','嘿嘿企业'),
('b1c1cb3b-8dd6-480f-895a-fbe445511241','wudi','0:0:0:0:0:0:0:1','2021-03-11 21:45:42','findAll','查找所有用户','20210122161855','嘿嘿企业'),
('b2fd0e98-0ca8-4e7b-9dd1-a7080dcf4896','wudi','0:0:0:0:0:0:0:1','2021-03-22 21:30:02','findAll','查询所有购销合同','20210122161855','嘿嘿企业'),
('b3469c9d-e158-4b71-bc1a-e05c32533406','wudi','0:0:0:0:0:0:0:1','2021-03-11 22:44:53','findAll','','20210122161855','嘿嘿企业'),
('b3b6b9fa-ccf5-434d-9e69-911a48dab087','wudi','0:0:0:0:0:0:0:1','2021-03-15 22:21:30','findAll','查询所有购销合同','20210122161855','嘿嘿企业'),
('b3e8e4e3-a8a3-4ef2-96fa-148418e32688','wudi','0:0:0:0:0:0:0:1','2021-02-22 22:33:59','findAll','查找所有日志','20210122161855','嘿嘿企业'),
('b41a2dc8-5a4b-4977-bb7c-0f783b63db49','wudi','0:0:0:0:0:0:0:1','2021-03-11 22:47:05','findAll','','20210122161855','嘿嘿企业'),
('b4e7b025-6521-42a5-a55d-0eafb2ac5eb0','wudi','0:0:0:0:0:0:0:1','2021-03-22 21:29:27','findAll','查询所有购销合同','20210122161855','嘿嘿企业'),
('b55c8908-0af4-4bee-98d2-7926ba78236c','wudi','0:0:0:0:0:0:0:1','2021-03-15 21:31:15','findAll','','20210122161855','嘿嘿企业'),
('b5aace61-0d83-4cfb-ba7e-99c51b95f119','wudi','0:0:0:0:0:0:0:1','2021-03-11 22:40:18','findAll','','20210122161855','嘿嘿企业'),
('b5cbacfe-db9e-4280-83a7-73c6120bad24','wudi','0:0:0:0:0:0:0:1','2021-03-11 22:44:53','findAll','','20210122161855','嘿嘿企业'),
('b6c12abb-548e-4a03-9819-0ff026e948d9','wudi','0:0:0:0:0:0:0:1','2021-03-11 23:09:44','findAll','','20210122161855','嘿嘿企业'),
('b6e2c74d-ae85-4682-b5e6-974b447dddcb','wudi','0:0:0:0:0:0:0:1','2021-03-11 21:45:44','findAll','查找所有角色','20210122161855','嘿嘿企业'),
('b7f23429-2891-4f61-af59-ed9fa14e45a6','wudi','0:0:0:0:0:0:0:1','2021-03-15 21:31:03','findAll','','20210122161855','嘿嘿企业'),
('b80de770-c077-4afc-b287-65ff9c6b7e5f','wudi','0:0:0:0:0:0:0:1','2021-03-11 23:09:46','findAll','','20210122161855','嘿嘿企业'),
('b8a12edb-c81d-4332-8d42-f2aac33f4d7d','wudi','0:0:0:0:0:0:0:1','2021-03-11 23:09:41','findAll','','20210122161855','嘿嘿企业'),
('b99967db-a6a1-4cfe-bac0-a69a0de01a92','wudi','0:0:0:0:0:0:0:1','2021-03-08 22:03:41','list','根据企业id查询所有 购销合同列表','20210122161855','嘿嘿企业'),
('ba10fd5f-8052-4c8a-b686-faf489be8063','wudi','0:0:0:0:0:0:0:1','2021-03-11 22:40:19','findAll','','20210122161855','嘿嘿企业'),
('ba371b71-0bd9-48fe-b06c-12ed7de3dad6','wudi','0:0:0:0:0:0:0:1','2021-03-11 22:54:34','findAll','','20210122161855','嘿嘿企业'),
('ba869906-7a25-4739-8882-a638a75b2358','wudi','127.0.0.1','2021-02-04 15:35:11','findAll','查找所有用户','20210122161855','嘿嘿企业'),
('bab2e014-b757-481e-ba9c-682695ab64c7','wudi','0:0:0:0:0:0:0:1','2021-03-09 22:00:21','list','根据企业id查询所有 购销合同列表','20210122161855','嘿嘿企业'),
('bac1cc3b-fb3d-4db3-93cd-2d8c797e6203','wudi','0:0:0:0:0:0:0:1','2021-03-22 21:29:05','findAll','查询所有购销合同','20210122161855','嘿嘿企业'),
('bb053447-3781-4d4a-b9d2-dcf831271359','wudi','127.0.0.1','2021-02-04 15:35:37','findAll','查找所有日志','20210122161855','嘿嘿企业'),
('bb1f54a3-754e-4eec-906b-b3c0803baf6a','wudi','0:0:0:0:0:0:0:1','2021-03-15 22:21:32','findAll','查询所有购销合同','20210122161855','嘿嘿企业'),
('bb2864c6-b1b3-4d61-bf9a-12cd7ea67b9a','wudi','0:0:0:0:0:0:0:1','2021-03-11 22:42:28','findAll','','20210122161855','嘿嘿企业'),
('bb31349d-cb09-4a8f-90a7-0cd031fce80c','wudi','0:0:0:0:0:0:0:1','2021-03-11 22:40:08','findAll','','20210122161855','嘿嘿企业'),
('bb4ac4f7-8d33-4dc0-baa1-7ef64a6ab7c1','wudi','0:0:0:0:0:0:0:1','2021-03-16 21:36:23','toAdd','前往购销合同新增页面','20210122161855','嘿嘿企业'),
('bbaa98e5-a39b-4875-a536-6c98adaba85c','wudi','0:0:0:0:0:0:0:1','2021-04-06 21:55:30','findAll','查询所有购销合同','20210122161855','嘿嘿企业'),
('bbfcec5f-479e-4582-ba7a-f2515e85f320','wudi','0:0:0:0:0:0:0:1','2021-03-11 22:40:06','findAll','','20210122161855','嘿嘿企业'),
('bc8bd108-0357-4c9a-9b6d-20acf27d1671','wudi','0:0:0:0:0:0:0:1','2021-03-15 21:31:09','findAll','','20210122161855','嘿嘿企业'),
('bcde497a-d6ee-4137-813a-4d72c7e1530d','wudi','0:0:0:0:0:0:0:1','2021-03-11 22:52:44','findAll','','20210122161855','嘿嘿企业'),
('bd06d61f-957d-4491-8a1c-1358621d7bc0','wudi','127.0.0.1','2021-02-04 15:49:50','toAdd','用户跳转到新增页面','20210122161855','嘿嘿企业'),
('bd5f8b50-224c-49b2-9da6-21eb13c67be6','wudi','0:0:0:0:0:0:0:1','2021-03-11 22:40:17','findAll','','20210122161855','嘿嘿企业'),
('bd8f812b-25fc-43ff-8cae-83116acd149f','wudi','0:0:0:0:0:0:0:1','2021-03-08 21:50:46','list','根据企业id查询所有 购销合同列表','20210122161855','嘿嘿企业'),
('be05a58f-bb08-47d5-9c87-506b966c48a1','wudi','0:0:0:0:0:0:0:1','2021-03-22 21:40:08','findAll','查询所有购销合同','20210122161855','嘿嘿企业'),
('be85a1d3-43ff-44ea-9ed2-c396e185d54e','wudi','0:0:0:0:0:0:0:1','2021-03-11 21:12:27','findAll','','20210122161855','嘿嘿企业'),
('bed33397-dcf9-419e-81ac-463f904e3ca8','wudi','127.0.0.1','2021-02-04 15:35:01','findAll','查找所有日志','20210122161855','嘿嘿企业'),
('bef73f9a-7705-455b-8114-54e400aa1cf0','wudi','0:0:0:0:0:0:0:1','2021-03-08 22:03:59','findAll','查找所有日志','20210122161855','嘿嘿企业'),
('bf33078b-e6ab-4e2f-a34e-8d7d8b673ef3','wudi','0:0:0:0:0:0:0:1','2021-03-22 21:21:16','findAll','查询所有购销合同','20210122161855','嘿嘿企业'),
('bf826003-05f9-4c83-89e6-6c871551b3ac','wudi','0:0:0:0:0:0:0:1','2021-03-15 22:21:31','findAll','查询所有购销合同','20210122161855','嘿嘿企业'),
('bf927832-552c-40d1-9180-b93589d0b30a','wudi','0:0:0:0:0:0:0:1','2021-03-22 21:31:11','findAll','查询所有购销合同','20210122161855','嘿嘿企业'),
('bfebbe95-c4fc-4dd6-87a5-3484150c41bf','wudi','0:0:0:0:0:0:0:1','2021-03-15 21:36:55','findAll','','20210122161855','嘿嘿企业'),
('c0055a58-e1a9-41e3-ac4e-ed0f5032317d','wudi','0:0:0:0:0:0:0:1','2021-03-22 21:38:44','toUpdate','前往购销合同编辑页面','20210122161855','嘿嘿企业'),
('c019d21d-5477-49e6-afd4-7c8efb6be4d8','wudi','0:0:0:0:0:0:0:1','2021-03-11 22:47:02','findAll','','20210122161855','嘿嘿企业'),
('c126b68e-c6b0-4949-a10b-aab9754f546b','wudi','0:0:0:0:0:0:0:1','2021-03-11 22:40:08','findAll','','20210122161855','嘿嘿企业'),
('c2930738-34dc-4e65-8480-fcd861203764','wudi','0:0:0:0:0:0:0:1','2021-02-21 20:42:07','findAll','查找所有日志','20210122161855','嘿嘿企业'),
('c3c36d9e-9ca5-4e62-978c-79740320978b','wudi','0:0:0:0:0:0:0:1','2021-03-22 21:30:46','edit','新增/编辑购销合同','20210122161855','嘿嘿企业'),
('c3f9f80b-65ad-411e-8704-0195b776db06','wudi','0:0:0:0:0:0:0:1','2021-03-11 22:40:07','findAll','','20210122161855','嘿嘿企业'),
('c4354bc9-ac9d-4e8f-a8bf-128d48224bca','wudi','0:0:0:0:0:0:0:1','2021-03-08 21:59:42','list','根据企业id查询所有 购销合同列表','20210122161855','嘿嘿企业'),
('c438e2e4-65b7-4868-bd17-738a882ae96b','wudi','0:0:0:0:0:0:0:1','2021-03-11 21:35:56','findAll','','20210122161855','嘿嘿企业'),
('c43da2d6-3974-4e30-95fe-73e43541b16e','wudi','0:0:0:0:0:0:0:1','2021-03-15 22:01:42','toAdd','前往购销合同新增页面','20210122161855','嘿嘿企业'),
('c4a16d93-7cc6-4008-b0a8-4117a6146448','wudi','127.0.0.1','2021-02-04 15:35:07','toAdd','用户跳转到新增页面','20210122161855','嘿嘿企业'),
('c4d1c631-3891-4dca-ad19-bcbd3babc96f','wudi','0:0:0:0:0:0:0:1','2021-03-08 21:50:47','list','根据企业id查询所有 购销合同列表','20210122161855','嘿嘿企业'),
('c516547e-db49-450c-8eea-153a3aee846c','wudi','0:0:0:0:0:0:0:1','2021-03-11 22:40:06','findAll','','20210122161855','嘿嘿企业'),
('c56bae33-f1ab-445c-abc7-e543a312e70c','wudi','0:0:0:0:0:0:0:1','2021-03-22 21:28:30','findAll','查询所有购销合同','20210122161855','嘿嘿企业'),
('c5930b75-95e3-4969-8d93-799f7bf3aea9','wudi','0:0:0:0:0:0:0:1','2021-03-11 22:54:28','findAll','','20210122161855','嘿嘿企业'),
('c5d32a74-de27-45f9-a2cc-c692b8847e1d','wudi','0:0:0:0:0:0:0:1','2021-03-11 22:55:44','findAll','','20210122161855','嘿嘿企业'),
('c6621ea7-8d1c-4471-9efd-1840c1c8fa23','wudi','0:0:0:0:0:0:0:1','2021-03-22 21:02:29','findAll','查询所有购销合同','20210122161855','嘿嘿企业'),
('c68dabaf-bd18-47fa-8b38-d64b888d2a26','wudi','0:0:0:0:0:0:0:1','2021-03-22 20:46:30','toAdd','前往购销合同新增页面','20210122161855','嘿嘿企业'),
('c6b15008-91e1-4892-a810-56d363720ab7','wudi','127.0.0.1','2021-02-04 15:35:53','toAdd','用户跳转到新增页面','20210122161855','嘿嘿企业'),
('c73f611a-3eeb-4f67-982c-62e3589386aa','wudi','0:0:0:0:0:0:0:1','2021-03-11 22:46:58','findAll','','20210122161855','嘿嘿企业'),
('c743f10a-b4fd-41b8-bf83-4c5a1f466be0','wudi','0:0:0:0:0:0:0:1','2021-03-22 21:30:12','findAll','查询所有购销合同','20210122161855','嘿嘿企业'),
('c7b7aef9-101d-4cdb-83cc-1af6213714af','wudi','127.0.0.1','2021-02-04 15:45:44','toAdd','跳转到新增页面','20210122161855','嘿嘿企业'),
('c7ef3598-d28a-4cf6-99e1-d91d1de755c5','wudi','0:0:0:0:0:0:0:1','2021-03-11 22:31:09','findAll','','20210122161855','嘿嘿企业'),
('c8077598-8246-402b-8c10-3b936fa09f64','wudi','0:0:0:0:0:0:0:1','2021-03-11 22:40:05','findAll','','20210122161855','嘿嘿企业'),
('c873f3b0-a770-4e04-8e7e-00fe859fba85','wudi','0:0:0:0:0:0:0:1','2021-03-22 21:20:21','toUpdate','前往购销合同编辑页面','20210122161855','嘿嘿企业'),
('c980e735-8a46-4bb9-8cae-9b9f176ca1e3','wudi','0:0:0:0:0:0:0:1','2021-03-11 22:40:03','findAll','','20210122161855','嘿嘿企业'),
('c99ed85c-6a1d-4c3b-9d83-5b24997d69ba','wudi','0:0:0:0:0:0:0:1','2021-02-21 20:42:08','findAll','查找所有部门','20210122161855','嘿嘿企业'),
('ca0b70f8-4de4-464d-99c2-06e9904a8f13','wudi','0:0:0:0:0:0:0:1','2021-03-08 21:51:59','list','根据企业id查询所有 购销合同列表','20210122161855','嘿嘿企业'),
('ca2fec1d-2353-4019-98e0-1e9452ff887e','wudi','0:0:0:0:0:0:0:1','2021-02-21 20:41:59','findAll','查找所有日志','20210122161855','嘿嘿企业'),
('cb2a3f04-8c79-412f-afb6-f34d14bf1d9b','wudi','0:0:0:0:0:0:0:1','2021-02-21 20:42:11','findAll','查找所有用户','20210122161855','嘿嘿企业'),
('cc75bd45-d4c4-435c-a007-320e2bac96b7','wudi','0:0:0:0:0:0:0:1','2021-03-15 21:36:59','findAll','','20210122161855','嘿嘿企业'),
('cc80c26b-a836-48fc-84f9-6a29bdff77f5','wudi','0:0:0:0:0:0:0:1','2021-03-09 21:58:16','roleList','用户管理回显','20210122161855','嘿嘿企业'),
('cd6e3b7d-5fc2-48a8-8e1b-fe5a1ec6c492','wudi','0:0:0:0:0:0:0:1','2021-03-09 21:58:42','roleModule','跳转角色权限管理页面','20210122161855','嘿嘿企业'),
('ce671880-2dc4-46c4-9a6c-9893934d9838','wudi','0:0:0:0:0:0:0:1','2021-03-11 23:10:14','findAll','','20210122161855','嘿嘿企业'),
('ce81914e-f2f9-44dc-b212-32378a11f157','wudi','0:0:0:0:0:0:0:1','2021-03-11 21:48:23','findAll','查找所有用户','20210122161855','嘿嘿企业'),
('ced4859e-d1ab-44a8-ae8e-6d3c326d2585','wudi','0:0:0:0:0:0:0:1','2021-03-11 22:40:08','findAll','','20210122161855','嘿嘿企业'),
('cf652eee-acdb-4603-b890-0194364fcfcf','wudi','0:0:0:0:0:0:0:1','2021-03-11 22:40:09','findAll','','20210122161855','嘿嘿企业'),
('cfd36405-63b5-4d87-9322-b3f90048463e','wudi','127.0.0.1','2021-03-09 21:37:10','findAll','查找所有日志','20210122161855','嘿嘿企业'),
('cfe59080-8ad0-421b-9507-2b987fd26138','wudi','127.0.0.1','2021-02-04 15:38:47','findAll','查找所有日志','20210122161855','嘿嘿企业'),
('d0423788-e94f-4b85-80b4-0a52b28f4621','wudi','0:0:0:0:0:0:0:1','2021-03-15 22:21:24','findAll','查询所有购销合同','20210122161855','嘿嘿企业'),
('d0c2fe67-ef84-4300-9515-1685d19a427e','wudi','0:0:0:0:0:0:0:1','2021-03-11 23:10:01','findAll','','20210122161855','嘿嘿企业'),
('d2ceca5c-18eb-4617-8a56-2b4e3c28391f','wudi','0:0:0:0:0:0:0:1','2021-03-11 23:09:48','findAll','','20210122161855','嘿嘿企业'),
('d2dcf876-a7cd-4197-9a25-1da54bca726f','wudi','0:0:0:0:0:0:0:1','2021-03-11 22:54:34','findAll','','20210122161855','嘿嘿企业'),
('d2e6acbd-3baa-419e-9e39-736c1b0002ec','wudi','0:0:0:0:0:0:0:1','2021-03-22 21:30:00','findAll','查询所有购销合同','20210122161855','嘿嘿企业'),
('d3d0ce5f-b72c-409a-9c24-daf78ae09ead','wudi','0:0:0:0:0:0:0:1','2021-03-11 22:40:06','findAll','','20210122161855','嘿嘿企业'),
('d40fd1c1-8529-4088-b286-f62b096e05a3','wudi','0:0:0:0:0:0:0:1','2021-03-11 22:46:58','findAll','','20210122161855','嘿嘿企业'),
('d4a04d3f-ad5b-485c-9fdc-de9e78ce5c20','wudi','0:0:0:0:0:0:0:1','2021-03-11 22:47:04','findAll','','20210122161855','嘿嘿企业'),
('d558fcf2-364f-4135-aa78-a92ed2af7030','wudi','0:0:0:0:0:0:0:1','2021-03-22 21:34:49','toUpdate','前往购销合同编辑页面','20210122161855','嘿嘿企业'),
('d5b83c89-1795-46ff-ae06-cee3cfd5f411','wudi','0:0:0:0:0:0:0:1','2021-03-11 21:45:23','findAll','查找所有日志','20210122161855','嘿嘿企业'),
('d5c9a01c-1db8-4e0d-9e29-eb2832ee0cac','wudi','0:0:0:0:0:0:0:1','2021-03-16 21:32:15','findAll','查询所有购销合同','20210122161855','嘿嘿企业'),
('d678ea8a-4da0-4261-a8fd-716c0c86df7e','wudi','0:0:0:0:0:0:0:1','2021-03-11 22:54:32','findAll','','20210122161855','嘿嘿企业'),
('d695d54a-6127-4327-8bdc-25c049639ac0','wudi','0:0:0:0:0:0:0:1','2021-02-21 20:41:58','findAll','查找所有日志','20210122161855','嘿嘿企业'),
('d6a34d59-11aa-4d2c-8c4e-f348481f1f5d','wudi','0:0:0:0:0:0:0:1','2021-03-15 21:31:07','findAll','','20210122161855','嘿嘿企业'),
('d6a6de98-1e4c-45b1-98b7-692bc2515164','wudi','0:0:0:0:0:0:0:1','2021-03-09 21:57:50','findAll','查找所有用户','20210122161855','嘿嘿企业'),
('d782e027-4048-426a-b2f4-b39154508a3d','wudi','0:0:0:0:0:0:0:1','2021-03-22 21:20:00','findAll','查询所有购销合同','20210122161855','嘿嘿企业'),
('d84bd5a9-1b3c-4a73-b7ae-34a915bd5f52','wudi','0:0:0:0:0:0:0:1','2021-03-22 21:40:11','toUpdate','前往购销合同编辑页面','20210122161855','嘿嘿企业'),
('d90a9195-df36-4d78-911f-db7a23d9a8b9','wudi','127.0.0.1','2021-02-04 15:44:50','toAdd','用户跳转到新增页面','20210122161855','嘿嘿企业'),
('d96eb1c6-1ba8-4cd8-be60-cc00d57e41e1','wudi','0:0:0:0:0:0:0:1','2021-03-11 22:44:53','findAll','','20210122161855','嘿嘿企业'),
('da29c92b-2b10-4088-ae5f-3c7ca3f3e937','wudi','127.0.0.1','2021-03-09 21:30:02','findAll','查找所有日志','20210122161855','嘿嘿企业'),
('db0e24b9-bdb8-4ff0-b1b6-d9b8162040ba','wudi','0:0:0:0:0:0:0:1','2021-03-11 22:54:31','findAll','','20210122161855','嘿嘿企业'),
('db43a42f-2ae9-40e8-a08f-7e52f135fc17','wudi','0:0:0:0:0:0:0:1','2021-03-15 21:31:09','findAll','','20210122161855','嘿嘿企业'),
('db48800d-7504-4b35-ac9c-843d0eeacdd7','wudi','127.0.0.1','2021-02-04 15:45:51','findAll','查找所有用户','20210122161855','嘿嘿企业'),
('dc957073-3a57-44f9-a551-db5e59d0f562','wudi','0:0:0:0:0:0:0:1','2021-03-22 21:24:06','toUpdate','前往购销合同编辑页面','20210122161855','嘿嘿企业'),
('ddbc94bc-3fa3-4f90-9d35-e156fc5ac641','wudi','0:0:0:0:0:0:0:1','2021-03-15 21:31:13','findAll','','20210122161855','嘿嘿企业'),
('ddbd20ee-6c18-4334-928e-7a9dd87c2db8','wudi','0:0:0:0:0:0:0:1','2021-03-09 21:58:11','findAll','查找所有用户','20210122161855','嘿嘿企业'),
('ddeea8e6-6cb5-4697-9a2b-54f76ee356ae','wudi','0:0:0:0:0:0:0:1','2021-03-15 21:37:00','findAll','','20210122161855','嘿嘿企业'),
('de75d928-26d3-4621-ae6f-99ea71bd9756','wudi','0:0:0:0:0:0:0:1','2021-03-11 22:40:02','findAll','','20210122161855','嘿嘿企业'),
('df94547a-f74f-4bce-b335-711e40f4a85c','wudi','0:0:0:0:0:0:0:1','2021-03-22 21:30:00','findAll','查询所有购销合同','20210122161855','嘿嘿企业'),
('dfdcb59d-c8be-4ddd-8064-3bbdf7a080a9','wudi','0:0:0:0:0:0:0:1','2021-04-06 21:55:21','toView','查看购销合同','20210122161855','嘿嘿企业'),
('e0c0b5ac-f1a1-49a8-b1e3-49fbaa05df7e','wudi','0:0:0:0:0:0:0:1','2021-03-16 21:16:51','findAll','查询所有购销合同','20210122161855','嘿嘿企业'),
('e13b1962-608d-4ded-a2fd-f22c01a66fb6','wudi','0:0:0:0:0:0:0:1','2021-03-09 21:48:13','list','根据企业id查询所有 购销合同列表','20210122161855','嘿嘿企业'),
('e19c7f6c-11e0-43a4-86c0-6ea8adfb64cc','wudi','0:0:0:0:0:0:0:1','2021-03-11 23:09:42','findAll','','20210122161855','嘿嘿企业'),
('e1d38bde-783e-43e7-b3df-39419c9dfff9','wudi','0:0:0:0:0:0:0:1','2021-03-15 22:21:31','findAll','查询所有购销合同','20210122161855','嘿嘿企业'),
('e20dfdf6-20a8-4e64-9261-ea59b62b3565','wudi','0:0:0:0:0:0:0:1','2021-03-11 22:40:20','findAll','','20210122161855','嘿嘿企业'),
('e226a2a2-e7da-47f3-9c40-ccf2297508d4','wudi','0:0:0:0:0:0:0:1','2021-03-22 21:37:54','findAll','查询所有购销合同','20210122161855','嘿嘿企业'),
('e23ce676-d0dd-45fb-9f6e-5937e78e0002','wudi','0:0:0:0:0:0:0:1','2021-03-15 21:31:11','findAll','','20210122161855','嘿嘿企业'),
('e2dbc62f-b65f-4434-9b56-70028adf657c','wudi','0:0:0:0:0:0:0:1','2021-04-06 21:55:50','findAll','查询所有购销合同','20210122161855','嘿嘿企业'),
('e34e6929-7ee7-4727-8dd3-59259953fefc','wudi','0:0:0:0:0:0:0:1','2021-02-21 20:41:58','findAll','查找所有日志','20210122161855','嘿嘿企业'),
('e3987003-f73d-40e2-a259-6d7cf8d4fd36','wudi','0:0:0:0:0:0:0:1','2021-03-11 21:27:56','findAll','查找所有部门','20210122161855','嘿嘿企业'),
('e3a2e086-0fd4-4dab-87c9-f2fc4dbe6239','wudi','0:0:0:0:0:0:0:1','2021-03-15 22:21:31','findAll','查询所有购销合同','20210122161855','嘿嘿企业'),
('e3a34c6c-7017-4099-8649-3e85251aa75e','wudi','0:0:0:0:0:0:0:1','2021-03-11 21:45:46','findAll','查找所有日志','20210122161855','嘿嘿企业'),
('e3b87785-85e6-40e5-b20b-9f45284f5019','wudi','0:0:0:0:0:0:0:1','2021-03-22 21:34:27','findAll','查询所有购销合同','20210122161855','嘿嘿企业'),
('e449427c-51a5-43fd-85de-b9c334a5014c','wudi','127.0.0.1','2021-03-08 22:18:40','list','根据企业id查询所有 购销合同列表','20210122161855','嘿嘿企业'),
('e544ec17-5a5c-47ab-8a21-2dc0ab2f0197','wudi','0:0:0:0:0:0:0:1','2021-03-22 21:38:38','findAll','查询所有购销合同','20210122161855','嘿嘿企业'),
('e632b193-1ac5-4ab3-99d8-31129f98cf15','wudi','0:0:0:0:0:0:0:1','2021-03-22 21:21:38','findAll','查询所有购销合同','20210122161855','嘿嘿企业'),
('e6f11dbb-e570-4e10-a597-bedc8a3f833f','wudi','0:0:0:0:0:0:0:1','2021-02-21 20:42:12','findAll','查找所有角色','20210122161855','嘿嘿企业'),
('e70cdd99-a4d6-4b02-b405-ab59943c7a33','wudi','0:0:0:0:0:0:0:1','2021-03-11 22:00:05','findAll','','20210122161855','嘿嘿企业'),
('e786426b-e606-4893-b382-00fb9d7811ec','wudi','0:0:0:0:0:0:0:1','2021-03-22 21:28:33','toUpdate','前往购销合同编辑页面','20210122161855','嘿嘿企业'),
('e89d3220-8af1-4d7a-a1aa-86512aed92a5','wudi','0:0:0:0:0:0:0:1','2021-03-09 21:52:24','findAll','查找所有部门','20210122161855','嘿嘿企业'),
('e89de2c4-2ca2-442b-b259-bd2509ea90a2','wudi','0:0:0:0:0:0:0:1','2021-03-15 21:31:15','findAll','','20210122161855','嘿嘿企业'),
('e8fc8b93-41cc-429e-bef7-49cd0ccb5732','wudi','0:0:0:0:0:0:0:1','2021-03-09 21:52:24','findAll','查找所有角色','20210122161855','嘿嘿企业'),
('e921eee6-54d6-472c-973f-bc14a485b9ef','wudi','0:0:0:0:0:0:0:1','2021-03-08 21:50:47','list','根据企业id查询所有 购销合同列表','20210122161855','嘿嘿企业'),
('e95b2a76-cde4-4011-b401-6f66fcfdf6e3','wudi','127.0.0.1','2021-02-04 15:34:05','findAll','查找所有日志','20210122161855','嘿嘿企业'),
('e990ed7d-f1e0-40d9-8879-4815812e322b','wudi','127.0.0.1','2021-03-08 22:14:14','list','根据企业id查询所有 购销合同列表','20210122161855','嘿嘿企业'),
('ea03c742-f65e-4cec-a010-9c5b1700e98b','wudi','0:0:0:0:0:0:0:1','2021-03-22 21:19:44','toView','查看购销合同','20210122161855','嘿嘿企业'),
('ea7f11c1-968f-4ded-badd-e6fb319cbf20','wudi','0:0:0:0:0:0:0:1','2021-03-09 21:45:37','list','根据企业id查询所有 购销合同列表','20210122161855','嘿嘿企业'),
('ea84f6a9-0a54-4ba3-a8cc-5b54663e8169','wudi','0:0:0:0:0:0:0:1','2021-03-22 21:30:00','findAll','查询所有购销合同','20210122161855','嘿嘿企业'),
('eb22b62d-1cde-43b7-ac56-23c4990bc9f8','wudi','0:0:0:0:0:0:0:1','2021-03-22 21:29:12','findAll','查询所有购销合同','20210122161855','嘿嘿企业'),
('eb294ebe-ec28-4119-ad1e-39626800db03','wudi','0:0:0:0:0:0:0:1','2021-03-09 21:58:43','initModuleData','初始化权限管理','20210122161855','嘿嘿企业'),
('ec5ff26a-35d9-4478-a369-e73466ad6955','wudi','0:0:0:0:0:0:0:1','2021-03-11 23:09:59','findAll','','20210122161855','嘿嘿企业'),
('ec6a601c-b357-44e4-86e2-ab9ffb11be31','wudi','127.0.0.1','2021-02-04 15:38:58','toAdd','跳转到新增页面','20210122161855','嘿嘿企业'),
('ecda68fc-3176-4544-b734-76cc8a9690ca','wudi','0:0:0:0:0:0:0:1','2021-03-22 21:29:58','findAll','查询所有购销合同','20210122161855','嘿嘿企业'),
('ed323741-13da-4c34-acb2-3b4e8e95297d','wudi','0:0:0:0:0:0:0:1','2021-03-15 21:31:06','findAll','','20210122161855','嘿嘿企业'),
('ef0b0512-7fab-4cfa-85e7-3fe093569f50','wudi','127.0.0.1','2021-03-11 21:41:43','findAll','','20210122161855','嘿嘿企业'),
('ef3d518e-0c64-4608-acd9-4f0666f49859','wudi','0:0:0:0:0:0:0:1','2021-03-11 22:40:05','findAll','','20210122161855','嘿嘿企业'),
('ef5b32b0-23e7-41cb-a1c9-11b4dcbab2eb','wudi','0:0:0:0:0:0:0:1','2021-03-08 21:50:41','list','根据企业id查询所有 购销合同列表','20210122161855','嘿嘿企业'),
('ef7ba28c-c22d-4692-94f9-f6add08a873d','wudi','0:0:0:0:0:0:0:1','2021-03-16 21:35:12','toAdd','前往购销合同新增页面','20210122161855','嘿嘿企业'),
('eff292a4-1627-40a1-921e-e2ec0df86725','wudi','0:0:0:0:0:0:0:1','2021-03-15 21:58:53','toAdd','前往购销合同新增页面','20210122161855','嘿嘿企业'),
('f06ccdab-c834-44f7-a634-885a6f5c122a','wudi','0:0:0:0:0:0:0:1','2021-03-11 22:21:15','findAll','','20210122161855','嘿嘿企业'),
('f08b98d0-509a-4961-a758-6fa19afa14bd','wudi','0:0:0:0:0:0:0:1','2021-02-22 22:18:25','findAll','查找所有用户','20210122161855','嘿嘿企业'),
('f19d0294-f860-4991-a06c-a61bc8d94e39','wudi','0:0:0:0:0:0:0:1','2021-02-22 22:18:21','findAll','查找所有日志','20210122161855','嘿嘿企业'),
('f27282db-e88d-46e8-b116-074a5d20e877','wudi','0:0:0:0:0:0:0:1','2021-03-11 21:40:42','findAll','','20210122161855','嘿嘿企业'),
('f285e48d-6105-4b69-b485-3160057b6d8b','wudi','0:0:0:0:0:0:0:1','2021-03-22 21:30:46','findAll','查询所有购销合同','20210122161855','嘿嘿企业'),
('f436fb34-9b8c-46ac-a0c9-aec8cb846d8d','wudi','127.0.0.1','2021-03-11 21:42:56','findAll','','20210122161855','嘿嘿企业'),
('f4e41ea8-ba90-44c5-b908-55d7e3e53801','wudi','0:0:0:0:0:0:0:1','2021-03-08 21:50:46','list','根据企业id查询所有 购销合同列表','20210122161855','嘿嘿企业'),
('f4fb4ca6-94c7-4055-a197-eff583a9237b','wudi','0:0:0:0:0:0:0:1','2021-03-08 21:39:34','list','根据企业id查询所有 购销合同列表','20210122161855','嘿嘿企业'),
('f54cd397-bbb7-45d4-b001-6822759b716a','wudi','0:0:0:0:0:0:0:1','2021-03-15 21:58:52','findAll','查询所有购销合同','20210122161855','嘿嘿企业'),
('f5e0d993-3248-4ae6-96d6-bce06e40d0bf','wudi','0:0:0:0:0:0:0:1','2021-03-11 22:00:24','findAll','','20210122161855','嘿嘿企业'),
('f6173e00-f6c5-40ae-a700-82aafc3d91a0','wudi','0:0:0:0:0:0:0:1','2021-03-09 21:58:27','initModuleData','初始化权限管理','20210122161855','嘿嘿企业'),
('f6afe171-5c2d-4e6e-af46-407c87d7cdfb','wudi','0:0:0:0:0:0:0:1','2021-03-22 21:35:56','toUpdate','前往购销合同编辑页面','20210122161855','嘿嘿企业'),
('f6b2e30f-6dda-422e-b98c-cf2859f4ddf7','wudi','0:0:0:0:0:0:0:1','2021-03-11 22:40:07','findAll','','20210122161855','嘿嘿企业'),
('f6da6017-5676-4fef-b62a-977f1980fa99','wudi','0:0:0:0:0:0:0:1','2021-03-11 22:40:09','findAll','','20210122161855','嘿嘿企业'),
('f8293e69-dd4e-4d1b-8688-133733ec83be','wudi','0:0:0:0:0:0:0:1','2021-03-11 22:40:06','findAll','','20210122161855','嘿嘿企业'),
('f905e50a-ac53-49f7-b593-3b6a97954247','wudi','0:0:0:0:0:0:0:1','2021-03-16 21:34:13','edit','新增购销合同','20210122161855','嘿嘿企业'),
('f930adda-1555-46f5-aa2d-68d8d60ef553','wudi','127.0.0.1','2021-03-09 21:27:25','list','根据企业id查询所有 购销合同列表','20210122161855','嘿嘿企业'),
('f936da8c-1279-402a-a4fc-3b521b13b86b','wudi','0:0:0:0:0:0:0:1','2021-03-15 21:31:15','findAll','','20210122161855','嘿嘿企业'),
('f9943f30-4fbb-49bb-9d1a-46c7efde32a2','wudi','0:0:0:0:0:0:0:1','2021-03-09 21:58:00','findAll','查找所有用户','20210122161855','嘿嘿企业'),
('f9a15cf2-59b8-49e8-9462-997b731926ce','wudi','0:0:0:0:0:0:0:1','2021-03-11 22:54:32','findAll','','20210122161855','嘿嘿企业'),
('f9bddf9c-7aee-4b04-938b-8a19d1f3e4a3','wudi','0:0:0:0:0:0:0:1','2021-03-11 22:54:30','findAll','','20210122161855','嘿嘿企业'),
('f9dd9a7e-3f3a-4a15-8bad-ea222c212fc8','wudi','0:0:0:0:0:0:0:1','2021-03-09 21:59:01','roleList','用户管理回显','20210122161855','嘿嘿企业'),
('fa2df2e5-94f6-4f60-8b67-b0df3566da77','wudi','0:0:0:0:0:0:0:1','2021-03-08 21:50:47','list','根据企业id查询所有 购销合同列表','20210122161855','嘿嘿企业'),
('fade0592-f09b-485a-bc71-ecf0b6bebf92','wudi','0:0:0:0:0:0:0:1','2021-03-11 22:47:15','findAll','','20210122161855','嘿嘿企业'),
('fb29d152-30ef-49e3-9bb5-f066f37d8019','wudi','0:0:0:0:0:0:0:1','2021-03-11 22:47:09','findAll','','20210122161855','嘿嘿企业'),
('fbb3f048-8d61-4a7e-8e08-a97f95d6f6e5','wudi','0:0:0:0:0:0:0:1','2021-03-16 21:32:14','edit','新增购销合同','20210122161855','嘿嘿企业'),
('fc3766d3-b5e4-4a59-8b0b-ba457e77775d','wudi','0:0:0:0:0:0:0:1','2021-03-22 21:19:29','toUpdate','前往购销合同编辑页面','20210122161855','嘿嘿企业'),
('fc74b792-9c8c-41ff-9244-390c0d59238a','wudi','0:0:0:0:0:0:0:1','2021-03-22 21:15:42','findAll','查询所有购销合同','20210122161855','嘿嘿企业'),
('fd65fce0-e276-4cb9-b7d9-1347a4fbc579','wudi','0:0:0:0:0:0:0:1','2021-03-15 21:35:58','findAll','','20210122161855','嘿嘿企业'),
('fdbc8865-c307-4958-8efb-41fc36d948cd','wudi','0:0:0:0:0:0:0:1','2021-03-15 21:31:19','findAll','','20210122161855','嘿嘿企业'),
('fefd62b4-2c6b-48e3-87a4-a54db02cedab','wudi','0:0:0:0:0:0:0:1','2021-03-11 22:42:23','findAll','','20210122161855','嘿嘿企业'),
('ff4f2f29-6826-4589-b2e1-4a1e4307020e','wudi','0:0:0:0:0:0:0:1','2021-03-15 22:21:35','findAll','查询所有购销合同','20210122161855','嘿嘿企业'),
('ffc9a466-96c4-4166-929b-78c345b29612','wudi','0:0:0:0:0:0:0:1','2021-03-09 21:53:47','findAll','查找所有日志','20210122161855','嘿嘿企业'),
('ffd8e0d8-8751-4c8d-b080-41f14db050b5','wudi','0:0:0:0:0:0:0:1','2021-03-11 22:54:31','findAll','','20210122161855','嘿嘿企业');

/*!40101 SET SQL_MODE=@OLD_SQL_MODE */;
/*!40014 SET FOREIGN_KEY_CHECKS=@OLD_FOREIGN_KEY_CHECKS */;
/*!40014 SET UNIQUE_CHECKS=@OLD_UNIQUE_CHECKS */;
/*!40111 SET SQL_NOTES=@OLD_SQL_NOTES */;
